monotonic_sec,direction,line
7877.453314198,TX,STATUS
7877.463806413,RX,READY MODE=DRY BOOT
7877.463982153,RX,"STATE BOOT MODE=DRY ARMED=0 GOAL=0,0 POS=0,0 VEL=0,0 TORQUE=0,0 AGE_MS=0 T_MS=0"
7877.474366516,TX,CHECK
7877.484700603,RX,CHECK_OK BOTH_TORQUES_OFF
7877.484816343,TX,HOLD
7877.495031504,RX,ACK HOLD ZERO_REQUESTED
7877.586358864,RX,EVENT STOPPED TORQUE_RETAINED
7877.586487659,TX,STATUS
7877.596680413,RX,"STATE DISARMED MODE=DRY ARMED=0 GOAL=0,0 POS=3078,4096 VEL=0,0 TORQUE=1,1 AGE_MS=1 T_MS=131"
7877.617425511,TX,ARM
7877.627706745,RX,ACK ARM
7877.62779806,TX,STATUS
7877.637989925,RX,"STATE ARMED MODE=DRY ARMED=1 GOAL=0,0 POS=3078,4096 VEL=0,0 TORQUE=1,1 AGE_MS=3 T_MS=173"
7877.63826509,TX,VEL 0.000000 0.000000
7877.648537269,RX,ACK VEL
7877.648698749,TX,VEL 0.000000 0.000000
7877.658995225,RX,ACK VEL
7877.689680763,TX,VEL -0.040000 0.000000
7877.699912016,RX,ACK VEL
7877.730508722,TX,STATUS
7877.740721346,RX,"STATE ARMED MODE=DRY ARMED=1 GOAL=-2,0 POS=3078,4096 VEL=-2,0 TORQUE=1,1 AGE_MS=5 T_MS=276"
7877.740946882,TX,VEL -0.040000 0.000000
7877.751188487,RX,ACK VEL
7877.77167392,TX,VEL 0.040000 0.000000
7877.781902506,RX,ACK VEL
7877.812518916,TX,VEL 0.040000 0.000000
7877.822769632,RX,ACK VEL
7877.833067404,TX,STATUS
7877.843262861,RX,"STATE ARMED MODE=DRY ARMED=1 GOAL=2,0 POS=3078,4096 VEL=2,0 TORQUE=1,1 AGE_MS=7 T_MS=378"
7877.853728632,TX,VEL 0.000000 0.040000
7877.863936607,RX,ACK VEL
7877.894568516,TX,VEL 0.000000 0.040000
7877.904796325,RX,ACK VEL
7877.935378957,TX,STATUS
7877.945587359,RX,"STATE ARMED MODE=DRY ARMED=1 GOAL=0,2 POS=3078,4096 VEL=0,2 TORQUE=1,1 AGE_MS=9 T_MS=480"
7877.945795506,TX,VEL 0.000000 0.040000
7877.956052389,RX,ACK VEL
7877.976521303,TX,VEL 0.000000 -0.040000
7877.986727168,RX,ACK VEL
7878.017363743,TX,VEL 0.000000 -0.040000
7878.02760033,RX,ACK VEL
7878.03785451,TX,STATUS
7878.0480583,RX,"STATE ARMED MODE=DRY ARMED=1 GOAL=0,-2 POS=3078,4096 VEL=0,-2 TORQUE=1,1 AGE_MS=11 T_MS=582"
7878.058525775,TX,VEL -0.040000 0.040000
7878.068735417,RX,ACK VEL
7878.099337882,TX,VEL -0.040000 0.040000
7878.10954395,RX,ACK VEL
7878.140147582,TX,STATUS
7878.150359854,RX,"STATE ARMED MODE=DRY ARMED=1 GOAL=-2,2 POS=3078,4096 VEL=-2,2 TORQUE=1,1 AGE_MS=14 T_MS=685"
7878.150573353,TX,VEL -0.040000 0.040000
7878.160809773,RX,ACK VEL
7878.181308446,TX,STOP
7878.19152133,RX,ACK STOP ZERO_REQUESTED
7878.191625347,TX,STATUS
7878.201806138,RX,"STATE STOPPING MODE=DRY ARMED=1 GOAL=0,0 POS=3078,4096 VEL=0,0 TORQUE=1,1 AGE_MS=4 T_MS=736"
7878.212168113,TX,STATUS
7878.222467459,RX,"STATE STOPPING MODE=DRY ARMED=1 GOAL=0,0 POS=3078,4096 VEL=0,0 TORQUE=1,1 AGE_MS=5 T_MS=757"
7878.232811008,TX,STATUS
7878.243025391,RX,"STATE STOPPING MODE=DRY ARMED=1 GOAL=0,0 POS=3078,4096 VEL=0,0 TORQUE=1,1 AGE_MS=6 T_MS=778"
7878.253341422,TX,STATUS
7878.263569009,RX,"STATE STOPPING MODE=DRY ARMED=1 GOAL=0,0 POS=3078,4096 VEL=0,0 TORQUE=1,1 AGE_MS=7 T_MS=799"
7878.273889132,TX,STATUS
7878.284083923,RX,"STATE STOPPING MODE=DRY ARMED=1 GOAL=0,0 POS=3078,4096 VEL=0,0 TORQUE=1,1 AGE_MS=6 T_MS=818"
7878.294335991,RX,EVENT STOPPED TORQUE_RETAINED
7878.294438972,TX,STATUS
7878.304619096,RX,"STATE ARMED MODE=DRY ARMED=1 GOAL=0,0 POS=3078,4096 VEL=0,0 TORQUE=1,1 AGE_MS=7 T_MS=839"
7878.304794947,TX,STOP
7878.314963849,RX,ACK STOP ZERO_REQUESTED
7878.315103422,TX,STATUS
7878.325295213,RX,"STATE STOPPING MODE=DRY ARMED=1 GOAL=0,0 POS=3078,4096 VEL=0,0 TORQUE=1,1 AGE_MS=8 T_MS=860"
7878.335598133,TX,STATUS
7878.345825201,RX,"STATE STOPPING MODE=DRY ARMED=1 GOAL=0,0 POS=3078,4096 VEL=0,0 TORQUE=1,1 AGE_MS=8 T_MS=880"
7878.356121806,TX,STATUS
7878.366308005,RX,"STATE STOPPING MODE=DRY ARMED=1 GOAL=0,0 POS=3078,4096 VEL=0,0 TORQUE=1,1 AGE_MS=8 T_MS=901"
7878.37661185,TX,STATUS
7878.386843826,RX,"STATE STOPPING MODE=DRY ARMED=1 GOAL=0,0 POS=3078,4096 VEL=0,0 TORQUE=1,1 AGE_MS=9 T_MS=922"
7878.397187005,TX,STATUS
7878.407376518,RX,"STATE STOPPING MODE=DRY ARMED=1 GOAL=0,0 POS=3078,4096 VEL=0,0 TORQUE=1,1 AGE_MS=9 T_MS=942"
7878.417635956,RX,EVENT STOPPED TORQUE_RETAINED
7878.417728715,TX,STATUS
7878.42796945,RX,"STATE ARMED MODE=DRY ARMED=1 GOAL=0,0 POS=3078,4096 VEL=0,0 TORQUE=1,1 AGE_MS=9 T_MS=962"
7878.42823267,TX,STOP
7878.43839261,RX,ACK STOP ZERO_REQUESTED
7878.438488887,TX,STATUS
7878.448663622,RX,"STATE STOPPING MODE=DRY ARMED=1 GOAL=0,0 POS=3078,4096 VEL=0,0 TORQUE=1,1 AGE_MS=10 T_MS=983"
7878.458977801,TX,STATUS
7878.46931548,RX,"STATE STOPPING MODE=DRY ARMED=1 GOAL=0,0 POS=3078,4096 VEL=0,0 TORQUE=1,1 AGE_MS=11 T_MS=1004"
7878.479656233,TX,STATUS
7878.489859986,RX,"STATE STOPPING MODE=DRY ARMED=1 GOAL=0,0 POS=3078,4096 VEL=0,0 TORQUE=1,1 AGE_MS=12 T_MS=1025"
7878.500196128,TX,STATUS
7878.510435752,RX,"STATE STOPPING MODE=DRY ARMED=1 GOAL=0,0 POS=3078,4096 VEL=0,0 TORQUE=1,1 AGE_MS=12 T_MS=1045"
7878.520794357,TX,STATUS
7878.530989888,RX,"STATE STOPPING MODE=DRY ARMED=1 GOAL=0,0 POS=3078,4096 VEL=0,0 TORQUE=1,1 AGE_MS=13 T_MS=1066"
7878.531152202,RX,EVENT STOPPED TORQUE_RETAINED
7878.541394992,TX,STATUS
7878.551642042,RX,"STATE ARMED MODE=DRY ARMED=1 GOAL=0,0 POS=3078,4096 VEL=0,0 TORQUE=1,1 AGE_MS=13 T_MS=1086"
7878.551841374,TX,VEL -0.040000 0.000000
7878.562054795,RX,ACK VEL
7878.59265863,TX,VEL -0.040000 0.000000
7878.602857383,RX,ACK VEL
7878.633467811,TX,VEL -0.040000 0.000000
7878.64367275,RX,ACK VEL
7878.643767768,TX,STATUS
7878.653931781,RX,"STATE ARMED MODE=DRY ARMED=1 GOAL=-2,0 POS=3078,4096 VEL=-2,0 TORQUE=1,1 AGE_MS=10 T_MS=1189"
7878.674666398,TX,STOP
7878.684879818,RX,ACK STOP ZERO_REQUESTED
7878.68498028,TX,STATUS
7878.695182775,RX,"STATE STOPPING MODE=DRY ARMED=1 GOAL=0,0 POS=3078,4096 VEL=-2,0 TORQUE=1,1 AGE_MS=17 T_MS=1230"
7878.705489435,TX,STATUS
7878.715693559,RX,"STATE STOPPING MODE=DRY ARMED=1 GOAL=0,0 POS=3078,4096 VEL=0,0 TORQUE=1,1 AGE_MS=18 T_MS=1251"
7878.725962535,TX,STATUS
7878.736148714,RX,"STATE STOPPING MODE=DRY ARMED=1 GOAL=0,0 POS=3078,4096 VEL=0,0 TORQUE=1,1 AGE_MS=17 T_MS=1270"
7878.746407801,TX,STATUS
7878.756610258,RX,"STATE STOPPING MODE=DRY ARMED=1 GOAL=0,0 POS=3078,4096 VEL=0,0 TORQUE=1,1 AGE_MS=18 T_MS=1291"
7878.766876919,TX,STATUS
7878.777066358,RX,"STATE STOPPING MODE=DRY ARMED=1 GOAL=0,0 POS=3078,4096 VEL=0,0 TORQUE=1,1 AGE_MS=19 T_MS=1312"
7878.787328426,TX,STATUS
7878.797524902,RX,"STATE STOPPING MODE=DRY ARMED=1 GOAL=0,0 POS=3078,4096 VEL=0,0 TORQUE=1,1 AGE_MS=19 T_MS=1332"
7878.79763492,RX,EVENT STOPPED TORQUE_RETAINED
7878.807838285,TX,STATUS
7878.818048038,RX,"STATE ARMED MODE=DRY ARMED=1 GOAL=0,0 POS=3078,4096 VEL=0,0 TORQUE=1,1 AGE_MS=0 T_MS=1353"
7878.838485231,TX,STOP
7878.848655837,RX,ACK STOP ZERO_REQUESTED
7878.848746429,TX,STATUS
7878.858903164,RX,"STATE STOPPING MODE=DRY ARMED=1 GOAL=0,0 POS=3078,4096 VEL=0,0 TORQUE=1,1 AGE_MS=1 T_MS=1394"
7878.869194065,TX,STATUS
7878.879385338,RX,"STATE STOPPING MODE=DRY ARMED=1 GOAL=0,0 POS=3078,4096 VEL=0,0 TORQUE=1,1 AGE_MS=1 T_MS=1414"
7878.889643276,TX,STATUS
7878.899808512,RX,"STATE STOPPING MODE=DRY ARMED=1 GOAL=0,0 POS=3078,4096 VEL=0,0 TORQUE=1,1 AGE_MS=1 T_MS=1434"
7878.910089413,TX,STATUS
7878.920285555,RX,"STATE STOPPING MODE=DRY ARMED=1 GOAL=0,0 POS=3078,4096 VEL=0,0 TORQUE=1,1 AGE_MS=2 T_MS=1455"
7878.930571049,TX,STATUS
7878.940739248,RX,"STATE STOPPING MODE=DRY ARMED=1 GOAL=0,0 POS=3078,4096 VEL=0,0 TORQUE=1,1 AGE_MS=3 T_MS=1476"
7878.950964353,RX,EVENT STOPPED TORQUE_RETAINED
7878.951072908,TX,STATUS
7878.961269588,RX,"STATE ARMED MODE=DRY ARMED=1 GOAL=0,0 POS=3078,4096 VEL=0,0 TORQUE=1,1 AGE_MS=3 T_MS=1496"
7878.961407587,TX,STOP
7878.971560859,RX,ACK STOP ZERO_REQUESTED
7878.97164847,TX,STATUS
7878.981844687,RX,"STATE STOPPING MODE=DRY ARMED=1 GOAL=0,0 POS=3078,4096 VEL=0,0 TORQUE=1,1 AGE_MS=3 T_MS=1516"
7878.992106236,TX,STATUS
7879.002302101,RX,"STATE STOPPING MODE=DRY ARMED=1 GOAL=0,0 POS=3078,4096 VEL=0,0 TORQUE=1,1 AGE_MS=4 T_MS=1537"
7879.012573299,TX,STATUS
7879.022751423,RX,"STATE STOPPING MODE=DRY ARMED=1 GOAL=0,0 POS=3078,4096 VEL=0,0 TORQUE=1,1 AGE_MS=5 T_MS=1558"
7879.033035528,TX,STATUS
7879.043236689,RX,"STATE STOPPING MODE=DRY ARMED=1 GOAL=0,0 POS=3078,4096 VEL=0,0 TORQUE=1,1 AGE_MS=4 T_MS=1577"
7879.053493035,TX,STATUS
7879.063680456,RX,"STATE STOPPING MODE=DRY ARMED=1 GOAL=0,0 POS=3078,4096 VEL=0,0 TORQUE=1,1 AGE_MS=5 T_MS=1598"
7879.07397845,RX,EVENT STOPPED TORQUE_RETAINED
7879.074099782,TX,STATUS
7879.084287332,RX,"STATE ARMED MODE=DRY ARMED=1 GOAL=0,0 POS=3078,4096 VEL=0,0 TORQUE=1,1 AGE_MS=5 T_MS=1619"
7879.084428035,TX,STOP
7879.094581734,RX,ACK STOP ZERO_REQUESTED
7879.094675103,TX,STATUS
7879.104828598,RX,"STATE STOPPING MODE=DRY ARMED=1 GOAL=0,0 POS=3078,4096 VEL=0,0 TORQUE=1,1 AGE_MS=6 T_MS=1640"
7879.115141221,TX,STATUS
7879.125351012,RX,"STATE STOPPING MODE=DRY ARMED=1 GOAL=0,0 POS=3078,4096 VEL=0,0 TORQUE=1,1 AGE_MS=7 T_MS=1661"
7879.135620673,TX,STATUS
7879.145789427,RX,"STATE STOPPING MODE=DRY ARMED=1 GOAL=0,0 POS=3078,4096 VEL=0,0 TORQUE=1,1 AGE_MS=6 T_MS=1680"
7879.156069217,TX,STATUS
7879.166266989,RX,"STATE STOPPING MODE=DRY ARMED=1 GOAL=0,0 POS=3078,4096 VEL=0,0 TORQUE=1,1 AGE_MS=7 T_MS=1701"
7879.176524632,TX,STATUS
7879.186689385,RX,"STATE STOPPING MODE=DRY ARMED=1 GOAL=0,0 POS=3078,4096 VEL=0,0 TORQUE=1,1 AGE_MS=8 T_MS=1722"
7879.196912176,RX,EVENT STOPPED TORQUE_RETAINED
7879.196996213,TX,STATUS
7879.207202114,RX,"STATE ARMED MODE=DRY ARMED=1 GOAL=0,0 POS=3078,4096 VEL=0,0 TORQUE=1,1 AGE_MS=7 T_MS=1741"
7879.207336151,TX,STOP
7879.217507479,RX,ACK STOP ZERO_REQUESTED
7879.217599015,TX,STATUS
7879.227780213,RX,"STATE STOPPING MODE=DRY ARMED=1 GOAL=0,0 POS=3078,4096 VEL=0,0 TORQUE=1,1 AGE_MS=7 T_MS=1762"
7879.238098578,TX,STATUS
7879.248310424,RX,"STATE STOPPING MODE=DRY ARMED=1 GOAL=0,0 POS=3078,4096 VEL=0,0 TORQUE=1,1 AGE_MS=8 T_MS=1783"
7879.25858477,TX,STATUS
7879.268758505,RX,"STATE STOPPING MODE=DRY ARMED=1 GOAL=0,0 POS=3078,4096 VEL=0,0 TORQUE=1,1 AGE_MS=9 T_MS=1804"
7879.279055036,TX,STATUS
7879.289257827,RX,"STATE STOPPING MODE=DRY ARMED=1 GOAL=0,0 POS=3078,4096 VEL=0,0 TORQUE=1,1 AGE_MS=9 T_MS=1824"
7879.299524247,TX,STATUS
7879.309701056,RX,"STATE STOPPING MODE=DRY ARMED=1 GOAL=0,0 POS=3078,4096 VEL=0,0 TORQUE=1,1 AGE_MS=9 T_MS=1844"
7879.319995105,RX,EVENT STOPPED TORQUE_RETAINED
7879.320154604,TX,STATUS
7879.330380636,RX,"STATE ARMED MODE=DRY ARMED=1 GOAL=0,0 POS=3078,4096 VEL=0,0 TORQUE=1,1 AGE_MS=10 T_MS=1865"
7879.330591616,TX,VEL -0.040000 0.000000
7879.340763537,RX,ACK VEL
7879.371400816,TX,VEL -0.040000 0.000000
7879.38160781,RX,ACK VEL
7879.412207035,TX,VEL -0.040000 0.000000
7879.422392288,RX,ACK VEL
7879.422480658,TX,STATUS
7879.432641357,RX,"STATE ARMED MODE=DRY ARMED=1 GOAL=-2,0 POS=3078,4096 VEL=-2,0 TORQUE=1,1 AGE_MS=9 T_MS=1967"
7879.453123401,TX,STOP
7879.463294654,RX,ACK STOP ZERO_REQUESTED
7879.463383598,TX,STATUS
7879.47353876,RX,"STATE STOPPING MODE=DRY ARMED=1 GOAL=0,0 POS=3078,4096 VEL=-2,0 TORQUE=1,1 AGE_MS=13 T_MS=2008"
7879.483803439,TX,STATUS
7879.493999322,RX,"STATE STOPPING MODE=DRY ARMED=1 GOAL=0,0 POS=3078,4096 VEL=0,0 TORQUE=1,1 AGE_MS=14 T_MS=2029"
7879.504273909,TX,STATUS
7879.514441755,RX,"STATE STOPPING MODE=DRY ARMED=1 GOAL=0,0 POS=3078,4096 VEL=0,0 TORQUE=1,1 AGE_MS=14 T_MS=2049"
7879.524726768,TX,STATUS
7879.534965651,RX,"STATE STOPPING MODE=DRY ARMED=1 GOAL=0,0 POS=3078,4096 VEL=0,0 TORQUE=1,1 AGE_MS=15 T_MS=2070"
7879.54533257,TX,STATUS
7879.555557065,RX,"STATE STOPPING MODE=DRY ARMED=1 GOAL=0,0 POS=3078,4096 VEL=0,0 TORQUE=1,1 AGE_MS=14 T_MS=2090"
7879.56585254,TX,STATUS
7879.576095701,RX,"STATE STOPPING MODE=DRY ARMED=1 GOAL=0,0 POS=3078,4096 VEL=0,0 TORQUE=1,1 AGE_MS=15 T_MS=2111"
7879.576222534,RX,EVENT STOPPED TORQUE_RETAINED
7879.586440009,TX,STATUS
7879.596625948,RX,"STATE ARMED MODE=DRY ARMED=1 GOAL=0,0 POS=3078,4096 VEL=0,0 TORQUE=1,1 AGE_MS=15 T_MS=2131"
7879.617086381,TX,STOP
7879.627304709,RX,ACK STOP ZERO_REQUESTED
7879.627396375,TX,STATUS
7879.637553185,RX,"STATE STOPPING MODE=DRY ARMED=1 GOAL=0,0 POS=3078,4096 VEL=0,0 TORQUE=1,1 AGE_MS=17 T_MS=2173"
7879.647821919,TX,STATUS
7879.658048729,RX,"STATE STOPPING MODE=DRY ARMED=1 GOAL=0,0 POS=3078,4096 VEL=0,0 TORQUE=1,1 AGE_MS=16 T_MS=2192"
7879.668314111,TX,STATUS
7879.678483551,RX,"STATE STOPPING MODE=DRY ARMED=1 GOAL=0,0 POS=3078,4096 VEL=0,0 TORQUE=1,1 AGE_MS=17 T_MS=2213"
7879.688741582,TX,STATUS
7879.698939447,RX,"STATE STOPPING MODE=DRY ARMED=1 GOAL=0,0 POS=3078,4096 VEL=0,0 TORQUE=1,1 AGE_MS=18 T_MS=2234"
7879.709282736,TX,STATUS
7879.719465824,RX,"STATE STOPPING MODE=DRY ARMED=1 GOAL=0,0 POS=3078,4096 VEL=0,0 TORQUE=1,1 AGE_MS=19 T_MS=2255"
7879.729738336,TX,STATUS
7879.739941294,RX,"STATE STOPPING MODE=DRY ARMED=1 GOAL=0,0 POS=3078,4096 VEL=0,0 TORQUE=1,1 AGE_MS=18 T_MS=2274"
7879.740079126,RX,EVENT STOPPED TORQUE_RETAINED
7879.750293287,TX,STATUS
7879.760506504,RX,"STATE ARMED MODE=DRY ARMED=1 GOAL=0,0 POS=3078,4096 VEL=0,0 TORQUE=1,1 AGE_MS=19 T_MS=2295"
7879.780931826,TX,STOP
7879.79114432,RX,ACK STOP ZERO_REQUESTED
7879.79123132,TX,STATUS
7879.801383407,RX,"STATE STOPPING MODE=DRY ARMED=1 GOAL=0,0 POS=3078,4096 VEL=0,0 TORQUE=1,1 AGE_MS=0 T_MS=2337"
7879.811652179,TX,STATUS
7879.821878284,RX,"STATE STOPPING MODE=DRY ARMED=1 GOAL=0,0 POS=3078,4096 VEL=0,0 TORQUE=1,1 AGE_MS=19 T_MS=2356"
7879.832147204,TX,STATUS
7879.842315458,RX,"STATE STOPPING MODE=DRY ARMED=1 GOAL=0,0 POS=3078,4096 VEL=0,0 TORQUE=1,1 AGE_MS=0 T_MS=2377"
7879.852573656,TX,STATUS
7879.862768632,RX,"STATE STOPPING MODE=DRY ARMED=1 GOAL=0,0 POS=3078,4096 VEL=0,0 TORQUE=1,1 AGE_MS=1 T_MS=2398"
7879.873041533,TX,STATUS
7879.883210287,RX,"STATE STOPPING MODE=DRY ARMED=1 GOAL=0,0 POS=3078,4096 VEL=0,0 TORQUE=1,1 AGE_MS=0 T_MS=2417"
7879.893432393,RX,EVENT STOPPED TORQUE_RETAINED
7879.893517614,TX,STATUS
7879.903696776,RX,"STATE ARMED MODE=DRY ARMED=1 GOAL=0,0 POS=3078,4096 VEL=0,0 TORQUE=1,1 AGE_MS=1 T_MS=2438"
7879.903829849,TX,STOP
7879.913981473,RX,ACK STOP ZERO_REQUESTED
7879.914092491,TX,STATUS
7879.924247504,RX,"STATE STOPPING MODE=DRY ARMED=1 GOAL=0,0 POS=3078,4096 VEL=0,0 TORQUE=1,1 AGE_MS=2 T_MS=2459"
7879.934529572,TX,STATUS
7879.944757252,RX,"STATE STOPPING MODE=DRY ARMED=1 GOAL=0,0 POS=3078,4096 VEL=0,0 TORQUE=1,1 AGE_MS=2 T_MS=2480"
7879.955114412,TX,STATUS
7879.965292869,RX,"STATE STOPPING MODE=DRY ARMED=1 GOAL=0,0 POS=3078,4096 VEL=0,0 TORQUE=1,1 AGE_MS=2 T_MS=2500"
7879.975563178,TX,STATUS
7879.985772414,RX,"STATE STOPPING MODE=DRY ARMED=1 GOAL=0,0 POS=3078,4096 VEL=0,0 TORQUE=1,1 AGE_MS=2 T_MS=2520"
7879.996058482,TX,STATUS
7880.006244032,RX,"STATE STOPPING MODE=DRY ARMED=1 GOAL=0,0 POS=3078,4096 VEL=0,0 TORQUE=1,1 AGE_MS=3 T_MS=2541"
7880.0164851,RX,EVENT STOPPED TORQUE_RETAINED
7880.016572118,TX,STATUS
7880.026767279,RX,"STATE ARMED MODE=DRY ARMED=1 GOAL=0,0 POS=3078,4096 VEL=0,0 TORQUE=1,1 AGE_MS=4 T_MS=2562"
7880.026934463,TX,VEL -0.040000 0.000000
7880.037095514,RX,ACK VEL
7880.067656831,TX,VEL -0.040000 0.000000
7880.07783601,RX,ACK VEL
7880.108388161,TX,VEL -0.040000 0.000000
7880.118564285,RX,ACK VEL
7880.118649692,TX,STATUS
7880.128807835,RX,"STATE ARMED MODE=DRY ARMED=1 GOAL=-2,0 POS=3078,4096 VEL=-2,0 TORQUE=1,1 AGE_MS=5 T_MS=2663"
7880.149263601,TX,STOP
7880.159428559,RX,ACK STOP ZERO_REQUESTED
7880.159515243,TX,STATUS
7880.169667405,RX,"STATE STOPPING MODE=DRY ARMED=1 GOAL=0,0 POS=3078,4096 VEL=0,0 TORQUE=1,1 AGE_MS=6 T_MS=2704"
7880.179930732,TX,STATUS
7880.190128208,RX,"STATE STOPPING MODE=DRY ARMED=1 GOAL=0,0 POS=3078,4096 VEL=0,0 TORQUE=1,1 AGE_MS=7 T_MS=2725"
7880.200387647,TX,STATUS
7880.210551623,RX,"STATE STOPPING MODE=DRY ARMED=1 GOAL=0,0 POS=3078,4096 VEL=0,0 TORQUE=1,1 AGE_MS=7 T_MS=2745"
7880.220803321,TX,STATUS
7880.230993408,RX,"STATE STOPPING MODE=DRY ARMED=1 GOAL=0,0 POS=3078,4096 VEL=0,0 TORQUE=1,1 AGE_MS=8 T_MS=2766"
7880.241329716,TX,STATUS
7880.251498415,RX,"STATE STOPPING MODE=DRY ARMED=1 GOAL=0,0 POS=3078,4096 VEL=0,0 TORQUE=1,1 AGE_MS=8 T_MS=2786"
7880.261725835,RX,EVENT STOPPED TORQUE_RETAINED
7880.261813353,TX,STATUS
7880.272070292,RX,"STATE ARMED MODE=DRY ARMED=1 GOAL=0,0 POS=3078,4096 VEL=0,0 TORQUE=1,1 AGE_MS=9 T_MS=2807"
7880.272211235,TX,STOP
7880.282364415,RX,ACK STOP ZERO_REQUESTED
7880.282452692,TX,STATUS
7880.292606835,RX,"STATE STOPPING MODE=DRY ARMED=1 GOAL=0,0 POS=3078,4096 VEL=0,0 TORQUE=1,1 AGE_MS=8 T_MS=2827"
7880.30289294,TX,STATUS
7880.313089546,RX,"STATE STOPPING MODE=DRY ARMED=1 GOAL=0,0 POS=3078,4096 VEL=0,0 TORQUE=1,1 AGE_MS=9 T_MS=2848"
7880.323345818,TX,STATUS
7880.333510461,RX,"STATE STOPPING MODE=DRY ARMED=1 GOAL=0,0 POS=3078,4096 VEL=0,0 TORQUE=1,1 AGE_MS=9 T_MS=2868"
7880.343825677,TX,STATUS
7880.354045597,RX,"STATE STOPPING MODE=DRY ARMED=1 GOAL=0,0 POS=3078,4096 VEL=0,0 TORQUE=1,1 AGE_MS=9 T_MS=2888"
7880.364314128,TX,STATUS
7880.3745019,RX,"STATE STOPPING MODE=DRY ARMED=1 GOAL=0,0 POS=3078,4096 VEL=0,0 TORQUE=1,1 AGE_MS=10 T_MS=2909"
7880.384762005,RX,EVENT STOPPED TORQUE_RETAINED
7880.384853153,TX,STATUS
7880.395064462,RX,"STATE ARMED MODE=DRY ARMED=1 GOAL=0,0 POS=3078,4096 VEL=0,0 TORQUE=1,1 AGE_MS=11 T_MS=2930"
7880.395204387,TX,STOP
7880.405426826,RX,ACK STOP ZERO_REQUESTED
7880.405536474,TX,STATUS
7880.415700857,RX,"STATE STOPPING MODE=DRY ARMED=1 GOAL=0,0 POS=3078,4096 VEL=0,0 TORQUE=1,1 AGE_MS=12 T_MS=2951"
7880.425968092,TX,STATUS
7880.436187846,RX,"STATE STOPPING MODE=DRY ARMED=1 GOAL=0,0 POS=3078,4096 VEL=0,0 TORQUE=1,1 AGE_MS=10 T_MS=2970"
7880.446452358,TX,STATUS
7880.456639779,RX,"STATE STOPPING MODE=DRY ARMED=1 GOAL=0,0 POS=3078,4096 VEL=0,0 TORQUE=1,1 AGE_MS=11 T_MS=2991"
7880.466921439,TX,STATUS
7880.477126138,RX,"STATE STOPPING MODE=DRY ARMED=1 GOAL=0,0 POS=3078,4096 VEL=0,0 TORQUE=1,1 AGE_MS=12 T_MS=3012"
7880.487392502,TX,STATUS
7880.497558256,RX,"STATE STOPPING MODE=DRY ARMED=1 GOAL=0,0 POS=3078,4096 VEL=0,0 TORQUE=1,1 AGE_MS=13 T_MS=3033"
7880.497667663,RX,EVENT STOPPED TORQUE_RETAINED
7880.507867639,TX,STATUS
7880.518084355,RX,"STATE ARMED MODE=DRY ARMED=1 GOAL=0,0 POS=3078,4096 VEL=0,0 TORQUE=1,1 AGE_MS=12 T_MS=3052"
7880.518219836,TX,STOP
7880.528371738,RX,ACK STOP ZERO_REQUESTED
7880.528458793,TX,STATUS
7880.538609751,RX,"STATE STOPPING MODE=DRY ARMED=1 GOAL=0,0 POS=3078,4096 VEL=0,0 TORQUE=1,1 AGE_MS=13 T_MS=3073"
7880.548865912,TX,STATUS
7880.559082462,RX,"STATE STOPPING MODE=DRY ARMED=1 GOAL=0,0 POS=3078,4096 VEL=0,0 TORQUE=1,1 AGE_MS=14 T_MS=3094"
7880.569346178,TX,STATUS
7880.579513561,RX,"STATE STOPPING MODE=DRY ARMED=1 GOAL=0,0 POS=3078,4096 VEL=0,0 TORQUE=1,1 AGE_MS=15 T_MS=3115"
7880.589767296,TX,STATUS
7880.599961272,RX,"STATE STOPPING MODE=DRY ARMED=1 GOAL=0,0 POS=3078,4096 VEL=0,0 TORQUE=1,1 AGE_MS=14 T_MS=3134"
7880.610246859,TX,STATUS
7880.620412613,RX,"STATE STOPPING MODE=DRY ARMED=1 GOAL=0,0 POS=3078,4096 VEL=0,0 TORQUE=1,1 AGE_MS=15 T_MS=3155"
7880.63067044,TX,STATUS
7880.640868194,RX,"STATE STOPPING MODE=DRY ARMED=1 GOAL=0,0 POS=3078,4096 VEL=0,0 TORQUE=1,1 AGE_MS=15 T_MS=3176"
7880.640980564,RX,EVENT STOPPED TORQUE_RETAINED
7880.651232558,TX,STATUS
7880.6614187,RX,"STATE ARMED MODE=DRY ARMED=1 GOAL=0,0 POS=3078,4096 VEL=0,0 TORQUE=1,1 AGE_MS=16 T_MS=3197"
7880.681880689,TX,STOP
7880.692085609,RX,ACK STOP ZERO_REQUESTED
7880.692175905,TX,STATUS
7880.702330548,RX,"STATE STOPPING MODE=DRY ARMED=1 GOAL=0,0 POS=3078,4096 VEL=0,0 TORQUE=1,1 AGE_MS=16 T_MS=3237"
7880.712611579,TX,STATUS
7880.722820685,RX,"STATE STOPPING MODE=DRY ARMED=1 GOAL=0,0 POS=3078,4096 VEL=0,0 TORQUE=1,1 AGE_MS=17 T_MS=3258"
7880.733094364,TX,STATUS
7880.743266025,RX,"STATE STOPPING MODE=DRY ARMED=1 GOAL=0,0 POS=3078,4096 VEL=0,0 TORQUE=1,1 AGE_MS=16 T_MS=3277"
7880.753531556,TX,STATUS
7880.763737088,RX,"STATE STOPPING MODE=DRY ARMED=1 GOAL=0,0 POS=3078,4096 VEL=0,0 TORQUE=1,1 AGE_MS=17 T_MS=3298"
7880.774031063,TX,STATUS
7880.784204354,RX,"STATE STOPPING MODE=DRY ARMED=1 GOAL=0,0 POS=3078,4096 VEL=0,0 TORQUE=1,1 AGE_MS=17 T_MS=3319"
7880.794479755,TX,STATUS
7880.804700935,RX,"STATE STOPPING MODE=DRY ARMED=1 GOAL=0,0 POS=3078,4096 VEL=0,0 TORQUE=1,1 AGE_MS=18 T_MS=3340"
7880.804814897,RX,EVENT STOPPED TORQUE_RETAINED
7880.815083743,TX,STATUS
7880.825287275,RX,"STATE ARMED MODE=DRY ARMED=1 GOAL=0,0 POS=3078,4096 VEL=0,0 TORQUE=1,1 AGE_MS=17 T_MS=3359"
7880.845820355,TX,VEL -0.040000 0.000000
7880.855998146,RX,ACK VEL
7880.88659937,TX,VEL -0.040000 0.000000
7880.896776884,RX,ACK VEL
7880.917199632,TX,STATUS
7880.927405515,RX,"STATE ARMED MODE=DRY ARMED=1 GOAL=-2,0 POS=3078,4096 VEL=-2,0 TORQUE=1,1 AGE_MS=0 T_MS=3462"
7880.927572569,TX,VEL -0.040000 0.000000
7880.937742675,RX,ACK VEL
7880.968283326,TX,STOP
7880.978451117,RX,ACK STOP ZERO_REQUESTED
7880.978539653,TX,STATUS
7880.988693352,RX,"STATE STOPPING MODE=DRY ARMED=1 GOAL=0,0 POS=3078,4096 VEL=0,0 TORQUE=1,1 AGE_MS=2 T_MS=3524"
7880.999041549,TX,STATUS
7881.00926971,RX,"STATE STOPPING MODE=DRY ARMED=1 GOAL=0,0 POS=3078,4096 VEL=0,0 TORQUE=1,1 AGE_MS=2 T_MS=3544"
7881.019571074,TX,STATUS
7881.029742921,RX,"STATE STOPPING MODE=DRY ARMED=1 GOAL=0,0 POS=3078,4096 VEL=0,0 TORQUE=1,1 AGE_MS=2 T_MS=3564"
7881.040033618,TX,STATUS
7881.050233854,RX,"STATE STOPPING MODE=DRY ARMED=1 GOAL=0,0 POS=3078,4096 VEL=0,0 TORQUE=1,1 AGE_MS=2 T_MS=3585"
7881.060495014,TX,STATUS
7881.070664861,RX,"STATE STOPPING MODE=DRY ARMED=1 GOAL=0,0 POS=3078,4096 VEL=0,0 TORQUE=1,1 AGE_MS=2 T_MS=3605"
7881.080893726,RX,EVENT STOPPED TORQUE_RETAINED
7881.080978595,TX,STATUS
7881.091199479,RX,"STATE ARMED MODE=DRY ARMED=1 GOAL=0,0 POS=3078,4096 VEL=0,0 TORQUE=1,1 AGE_MS=3 T_MS=3626"
7881.091338756,TX,STOP
7881.101492843,RX,ACK STOP ZERO_REQUESTED
7881.101583028,TX,STATUS
7881.111736263,RX,"STATE STOPPING MODE=DRY ARMED=1 GOAL=0,0 POS=3078,4096 VEL=0,0 TORQUE=1,1 AGE_MS=4 T_MS=3647"
7881.122031016,TX,STATUS
7881.132234363,RX,"STATE STOPPING MODE=DRY ARMED=1 GOAL=0,0 POS=3078,4096 VEL=0,0 TORQUE=1,1 AGE_MS=4 T_MS=3667"
7881.14249332,TX,STATUS
7881.152657148,RX,"STATE STOPPING MODE=DRY ARMED=1 GOAL=0,0 POS=3078,4096 VEL=0,0 TORQUE=1,1 AGE_MS=4 T_MS=3687"
7881.162909957,TX,STATUS
7881.173104229,RX,"STATE STOPPING MODE=DRY ARMED=1 GOAL=0,0 POS=3078,4096 VEL=0,0 TORQUE=1,1 AGE_MS=5 T_MS=3708"
7881.183363056,TX,STATUS
7881.19353207,RX,"STATE STOPPING MODE=DRY ARMED=1 GOAL=0,0 POS=3078,4096 VEL=0,0 TORQUE=1,1 AGE_MS=5 T_MS=3728"
7881.203756805,RX,EVENT STOPPED TORQUE_RETAINED
7881.203841767,TX,STATUS
7881.214073336,RX,"STATE ARMED MODE=DRY ARMED=1 GOAL=0,0 POS=3078,4096 VEL=0,0 TORQUE=1,1 AGE_MS=6 T_MS=3749"
7881.214211687,TX,STOP
7881.2243762,RX,ACK STOP ZERO_REQUESTED
7881.224472588,TX,STATUS
7881.234630009,RX,"STATE STOPPING MODE=DRY ARMED=1 GOAL=0,0 POS=3078,4096 VEL=0,0 TORQUE=1,1 AGE_MS=6 T_MS=3769"
7881.244900688,TX,STATUS
7881.255100016,RX,"STATE STOPPING MODE=DRY ARMED=1 GOAL=0,0 POS=3078,4096 VEL=0,0 TORQUE=1,1 AGE_MS=6 T_MS=3790"
7881.265357269,TX,STATUS
7881.275524171,RX,"STATE STOPPING MODE=DRY ARMED=1 GOAL=0,0 POS=3078,4096 VEL=0,0 TORQUE=1,1 AGE_MS=6 T_MS=3810"
7881.28577548,TX,STATUS
7881.295965956,RX,"STATE STOPPING MODE=DRY ARMED=1 GOAL=0,0 POS=3078,4096 VEL=0,0 TORQUE=1,1 AGE_MS=7 T_MS=3831"
7881.306270043,TX,STATUS
7881.316457389,RX,"STATE STOPPING MODE=DRY ARMED=1 GOAL=0,0 POS=3078,4096 VEL=0,0 TORQUE=1,1 AGE_MS=7 T_MS=3851"
7881.326698476,RX,EVENT STOPPED TORQUE_RETAINED
7881.326788476,TX,STATUS
7881.336978266,RX,"STATE ARMED MODE=DRY ARMED=1 GOAL=0,0 POS=3078,4096 VEL=0,0 TORQUE=1,1 AGE_MS=8 T_MS=3872"
7881.337140839,TX,STOP
7881.347314871,RX,ACK STOP ZERO_REQUESTED
7881.347402945,TX,STATUS
7881.357555791,RX,"STATE STOPPING MODE=DRY ARMED=1 GOAL=0,0 POS=3078,4096 VEL=0,0 TORQUE=1,1 AGE_MS=8 T_MS=3892"
7881.367817285,TX,STATUS
7881.378060669,RX,"STATE STOPPING MODE=DRY ARMED=1 GOAL=0,0 POS=3078,4096 VEL=0,0 TORQUE=1,1 AGE_MS=9 T_MS=3913"
7881.388319255,TX,STATUS
7881.398482861,RX,"STATE STOPPING MODE=DRY ARMED=1 GOAL=0,0 POS=3078,4096 VEL=0,0 TORQUE=1,1 AGE_MS=8 T_MS=3933"
7881.408733374,TX,STATUS
7881.418922331,RX,"STATE STOPPING MODE=DRY ARMED=1 GOAL=0,0 POS=3078,4096 VEL=0,0 TORQUE=1,1 AGE_MS=9 T_MS=3954"
7881.429248399,TX,STATUS
7881.439415949,RX,"STATE STOPPING MODE=DRY ARMED=1 GOAL=0,0 POS=3078,4096 VEL=0,0 TORQUE=1,1 AGE_MS=9 T_MS=3974"
7881.449638536,RX,EVENT STOPPED TORQUE_RETAINED
7881.449722091,TX,STATUS
7881.459946382,RX,"STATE ARMED MODE=DRY ARMED=1 GOAL=0,0 POS=3078,4096 VEL=0,0 TORQUE=1,1 AGE_MS=9 T_MS=3994"
7881.460104659,TX,STOP
7881.470268579,RX,ACK STOP ZERO_REQUESTED
7881.470355153,TX,STATUS
7881.480550462,RX,"STATE STOPPING MODE=DRY ARMED=1 GOAL=0,0 POS=3078,4096 VEL=0,0 TORQUE=1,1 AGE_MS=10 T_MS=4015"
7881.490809679,TX,STATUS
7881.50102558,RX,"STATE STOPPING MODE=DRY ARMED=1 GOAL=0,0 POS=3078,4096 VEL=0,0 TORQUE=1,1 AGE_MS=11 T_MS=4036"
7881.511284575,TX,STATUS
7881.521449199,RX,"STATE STOPPING MODE=DRY ARMED=1 GOAL=0,0 POS=3078,4096 VEL=0,0 TORQUE=1,1 AGE_MS=12 T_MS=4057"
7881.531713674,TX,STATUS
7881.541911521,RX,"STATE STOPPING MODE=DRY ARMED=1 GOAL=0,0 POS=3078,4096 VEL=0,0 TORQUE=1,1 AGE_MS=11 T_MS=4076"
7881.552277181,TX,STATUS
7881.562479546,RX,"STATE STOPPING MODE=DRY ARMED=1 GOAL=0,0 POS=3078,4096 VEL=0,0 TORQUE=1,1 AGE_MS=12 T_MS=4097"
7881.562595915,RX,EVENT STOPPED TORQUE_RETAINED
7881.572804003,TX,STATUS
7881.583029626,RX,"STATE ARMED MODE=DRY ARMED=1 GOAL=0,0 POS=3078,4096 VEL=0,0 TORQUE=1,1 AGE_MS=13 T_MS=4118"
7881.583193218,TX,VEL -0.040000 0.000000
7881.593355768,RX,ACK VEL
7881.623924345,TX,VEL -0.040000 0.000000
7881.634110728,RX,ACK VEL
7881.664694156,TX,VEL -0.040000 0.000000
7881.674913299,RX,ACK VEL
7881.674998465,TX,STATUS
7881.685199996,RX,"STATE ARMED MODE=DRY ARMED=1 GOAL=-2,0 POS=3078,4096 VEL=-2,0 TORQUE=1,1 AGE_MS=11 T_MS=4220"
7881.705680744,TX,STOP
7881.715850276,RX,ACK STOP ZERO_REQUESTED
7881.715937164,TX,STATUS
7881.726087863,RX,"STATE STOPPING MODE=DRY ARMED=1 GOAL=0,0 POS=3078,4096 VEL=-2,0 TORQUE=1,1 AGE_MS=15 T_MS=4261"
7881.736348801,TX,STATUS
7881.746540147,RX,"STATE STOPPING MODE=DRY ARMED=1 GOAL=0,0 POS=3078,4096 VEL=0,0 TORQUE=1,1 AGE_MS=16 T_MS=4282"
7881.756795197,TX,STATUS
7881.766960581,RX,"STATE STOPPING MODE=DRY ARMED=1 GOAL=0,0 POS=3078,4096 VEL=0,0 TORQUE=1,1 AGE_MS=15 T_MS=4301"
7881.777258149,TX,STATUS
7881.78747481,RX,"STATE STOPPING MODE=DRY ARMED=1 GOAL=0,0 POS=3078,4096 VEL=0,0 TORQUE=1,1 AGE_MS=16 T_MS=4322"
7881.797731545,TX,STATUS
7881.807896373,RX,"STATE STOPPING MODE=DRY ARMED=1 GOAL=0,0 POS=3078,4096 VEL=0,0 TORQUE=1,1 AGE_MS=17 T_MS=4343"
7881.818174163,TX,STATUS
7881.828365843,RX,"STATE STOPPING MODE=DRY ARMED=1 GOAL=0,0 POS=3078,4096 VEL=0,0 TORQUE=1,1 AGE_MS=17 T_MS=4363"
7881.828476509,RX,EVENT STOPPED TORQUE_RETAINED
7881.83870467,TX,STATUS
7881.848887553,RX,"STATE ARMED MODE=DRY ARMED=1 GOAL=0,0 POS=3078,4096 VEL=0,0 TORQUE=1,1 AGE_MS=17 T_MS=4383"
7881.86934869,TX,STOP
7881.879514685,RX,ACK STOP ZERO_REQUESTED
7881.879601795,TX,STATUS
7881.889755586,RX,"STATE STOPPING MODE=DRY ARMED=1 GOAL=0,0 POS=3078,4096 VEL=0,0 TORQUE=1,1 AGE_MS=19 T_MS=4425"
7881.900040265,TX,STATUS
7881.910236001,RX,"STATE STOPPING MODE=DRY ARMED=1 GOAL=0,0 POS=3078,4096 VEL=0,0 TORQUE=1,1 AGE_MS=19 T_MS=4445"
7881.92049281,TX,STATUS
7881.930656638,RX,"STATE STOPPING MODE=DRY ARMED=1 GOAL=0,0 POS=3078,4096 VEL=0,0 TORQUE=1,1 AGE_MS=19 T_MS=4465"
7881.940908724,TX,STATUS
7881.951108404,RX,"STATE STOPPING MODE=DRY ARMED=1 GOAL=0,0 POS=3078,4096 VEL=0,0 TORQUE=1,1 AGE_MS=0 T_MS=4486"
7881.961364472,TX,STATUS
7881.971550337,RX,"STATE STOPPING MODE=DRY ARMED=1 GOAL=0,0 POS=3078,4096 VEL=0,0 TORQUE=1,1 AGE_MS=0 T_MS=4507"
7881.981811017,TX,STATUS
7881.992029141,RX,"STATE STOPPING MODE=DRY ARMED=1 GOAL=0,0 POS=3078,4096 VEL=0,0 TORQUE=1,1 AGE_MS=19 T_MS=4526"
7881.992140714,RX,EVENT STOPPED TORQUE_RETAINED
7882.002365264,TX,STATUS
7882.012569925,RX,"STATE ARMED MODE=DRY ARMED=1 GOAL=0,0 POS=3078,4096 VEL=0,0 TORQUE=1,1 AGE_MS=0 T_MS=4547"
7882.033034562,TX,STOP
7882.043207186,RX,ACK STOP ZERO_REQUESTED
7882.043298408,TX,STATUS
7882.053450347,RX,"STATE STOPPING MODE=DRY ARMED=1 GOAL=0,0 POS=3078,4096 VEL=0,0 TORQUE=1,1 AGE_MS=2 T_MS=4589"
7882.063711138,TX,STATUS
7882.073905817,RX,"STATE STOPPING MODE=DRY ARMED=1 GOAL=0,0 POS=3078,4096 VEL=0,0 TORQUE=1,1 AGE_MS=1 T_MS=4608"
7882.084186182,TX,STATUS
7882.094373084,RX,"STATE STOPPING MODE=DRY ARMED=1 GOAL=0,0 POS=3078,4096 VEL=0,0 TORQUE=1,1 AGE_MS=2 T_MS=4629"
7882.104635781,TX,STATUS
7882.114856646,RX,"STATE STOPPING MODE=DRY ARMED=1 GOAL=0,0 POS=3078,4096 VEL=0,0 TORQUE=1,1 AGE_MS=2 T_MS=4650"
7882.125142751,TX,STATUS
7882.135309042,RX,"STATE STOPPING MODE=DRY ARMED=1 GOAL=0,0 POS=3078,4096 VEL=0,0 TORQUE=1,1 AGE_MS=2 T_MS=4670"
7882.145534314,RX,EVENT STOPPED TORQUE_RETAINED
7882.145620592,TX,STATUS
7882.155802827,RX,"STATE ARMED MODE=DRY ARMED=1 GOAL=0,0 POS=3078,4096 VEL=0,0 TORQUE=1,1 AGE_MS=2 T_MS=4690"
7882.155938234,TX,STOP
7882.166072488,RX,ACK STOP ZERO_REQUESTED
7882.16616558,TX,STATUS
7882.176321463,RX,"STATE STOPPING MODE=DRY ARMED=1 GOAL=0,0 POS=3078,4096 VEL=0,0 TORQUE=1,1 AGE_MS=3 T_MS=4711"
7882.186596976,TX,STATUS
7882.196805674,RX,"STATE STOPPING MODE=DRY ARMED=1 GOAL=0,0 POS=3078,4096 VEL=0,0 TORQUE=1,1 AGE_MS=4 T_MS=4732"
7882.207144297,TX,STATUS
7882.217326107,RX,"STATE STOPPING MODE=DRY ARMED=1 GOAL=0,0 POS=3078,4096 VEL=0,0 TORQUE=1,1 AGE_MS=4 T_MS=4752"
7882.227599786,TX,STATUS
7882.237799262,RX,"STATE STOPPING MODE=DRY ARMED=1 GOAL=0,0 POS=3078,4096 VEL=0,0 TORQUE=1,1 AGE_MS=5 T_MS=4773"
7882.248080701,TX,STATUS
7882.258247677,RX,"STATE STOPPING MODE=DRY ARMED=1 GOAL=0,0 POS=3078,4096 VEL=0,0 TORQUE=1,1 AGE_MS=5 T_MS=4793"
7882.268468227,RX,EVENT STOPPED TORQUE_RETAINED
7882.268553597,TX,STATUS
7882.278735239,RX,"STATE ARMED MODE=DRY ARMED=1 GOAL=0,0 POS=3078,4096 VEL=0,0 TORQUE=1,1 AGE_MS=5 T_MS=4813"
7882.27887009,TX,STOP
7882.289047011,RX,ACK STOP ZERO_REQUESTED
7882.289137455,TX,STATUS
7882.299348005,RX,"STATE STOPPING MODE=DRY ARMED=1 GOAL=0,0 POS=3078,4096 VEL=0,0 TORQUE=1,1 AGE_MS=6 T_MS=4834"
7882.309619703,TX,STATUS
7882.319827271,RX,"STATE STOPPING MODE=DRY ARMED=1 GOAL=0,0 POS=3078,4096 VEL=0,0 TORQUE=1,1 AGE_MS=7 T_MS=4855"
7882.330098524,TX,STATUS
7882.340271667,RX,"STATE STOPPING MODE=DRY ARMED=1 GOAL=0,0 POS=3078,4096 VEL=0,0 TORQUE=1,1 AGE_MS=7 T_MS=4875"
7882.350534624,TX,STATUS
7882.3607336,RX,"STATE STOPPING MODE=DRY ARMED=1 GOAL=0,0 POS=3078,4096 VEL=0,0 TORQUE=1,1 AGE_MS=7 T_MS=4895"
7882.370994094,TX,STATUS
7882.381189033,RX,"STATE STOPPING MODE=DRY ARMED=1 GOAL=0,0 POS=3078,4096 VEL=0,0 TORQUE=1,1 AGE_MS=8 T_MS=4916"
7882.391418602,RX,EVENT STOPPED TORQUE_RETAINED
7882.391503824,TX,STATUS
7882.401690059,RX,"STATE ARMED MODE=DRY ARMED=1 GOAL=0,0 POS=3078,4096 VEL=0,0 TORQUE=1,1 AGE_MS=9 T_MS=4937"
7882.401847114,TX,VEL -0.040000 0.000000
7882.41203096,RX,ACK VEL
7882.442609814,TX,VEL -0.040000 0.000000
7882.452784994,RX,ACK VEL
7882.48330333,TX,VEL -0.040000 0.000000
7882.493475213,RX,ACK VEL
7882.493557861,TX,STATUS
7882.503718726,RX,"STATE ARMED MODE=DRY ARMED=1 GOAL=-2,0 POS=3078,4096 VEL=-2,0 TORQUE=1,1 AGE_MS=10 T_MS=5038"
7882.5241484,TX,STOP
7882.534314172,RX,ACK STOP ZERO_REQUESTED
7882.534399598,TX,STATUS
7882.544550796,RX,"STATE STOPPING MODE=DRY ARMED=1 GOAL=0,0 POS=3078,4096 VEL=-2,0 TORQUE=1,1 AGE_MS=12 T_MS=5080"
7882.554810772,TX,STATUS
7882.5650246,RX,"STATE STOPPING MODE=DRY ARMED=1 GOAL=0,0 POS=3078,4096 VEL=0,0 TORQUE=1,1 AGE_MS=11 T_MS=5099"
7882.575283798,TX,STATUS
7882.585496218,RX,"STATE STOPPING MODE=DRY ARMED=1 GOAL=0,0 POS=3078,4096 VEL=0,0 TORQUE=1,1 AGE_MS=12 T_MS=5120"
7882.595755768,TX,STATUS
7882.605952521,RX,"STATE STOPPING MODE=DRY ARMED=1 GOAL=0,0 POS=3078,4096 VEL=0,0 TORQUE=1,1 AGE_MS=13 T_MS=5141"
7882.616231349,TX,STATUS
7882.626394936,RX,"STATE STOPPING MODE=DRY ARMED=1 GOAL=0,0 POS=3078,4096 VEL=0,0 TORQUE=1,1 AGE_MS=14 T_MS=5162"
7882.63664919,TX,STATUS
7882.646843832,RX,"STATE STOPPING MODE=DRY ARMED=1 GOAL=0,0 POS=3078,4096 VEL=0,0 TORQUE=1,1 AGE_MS=13 T_MS=5181"
7882.646953757,RX,EVENT STOPPED TORQUE_RETAINED
7882.657190418,TX,STATUS
7882.667366098,RX,"STATE ARMED MODE=DRY ARMED=1 GOAL=0,0 POS=3078,4096 VEL=0,0 TORQUE=1,1 AGE_MS=14 T_MS=5202"
7882.687821291,TX,STOP
7882.698028322,RX,ACK STOP ZERO_REQUESTED
7882.698117785,TX,STATUS
7882.708272835,RX,"STATE STOPPING MODE=DRY ARMED=1 GOAL=0,0 POS=3078,4096 VEL=0,0 TORQUE=1,1 AGE_MS=15 T_MS=5243"
7882.718538977,TX,STATUS
7882.728734305,RX,"STATE STOPPING MODE=DRY ARMED=1 GOAL=0,0 POS=3078,4096 VEL=0,0 TORQUE=1,1 AGE_MS=15 T_MS=5263"
7882.738994132,TX,STATUS
7882.749242738,RX,"STATE STOPPING MODE=DRY ARMED=1 GOAL=0,0 POS=3078,4096 VEL=0,0 TORQUE=1,1 AGE_MS=15 T_MS=5284"
7882.759508195,TX,STATUS
7882.76970393,RX,"STATE STOPPING MODE=DRY ARMED=1 GOAL=0,0 POS=3078,4096 VEL=0,0 TORQUE=1,1 AGE_MS=16 T_MS=5305"
7882.779961017,TX,STATUS
7882.790149308,RX,"STATE STOPPING MODE=DRY ARMED=1 GOAL=0,0 POS=3078,4096 VEL=0,0 TORQUE=1,1 AGE_MS=16 T_MS=5325"
7882.800402357,TX,STATUS
7882.810596093,RX,"STATE STOPPING MODE=DRY ARMED=1 GOAL=0,0 POS=3078,4096 VEL=0,0 TORQUE=1,1 AGE_MS=16 T_MS=5345"
7882.810706018,RX,EVENT STOPPED TORQUE_RETAINED
7882.820910012,TX,STATUS
7882.831077803,RX,"STATE ARMED MODE=DRY ARMED=1 GOAL=0,0 POS=3078,4096 VEL=0,0 TORQUE=1,1 AGE_MS=17 T_MS=5366"
7882.851548996,TX,STOP
7882.861716842,RX,ACK STOP ZERO_REQUESTED
7882.861802564,TX,STATUS
7882.871955003,RX,"STATE STOPPING MODE=DRY ARMED=1 GOAL=0,0 POS=3078,4096 VEL=0,0 TORQUE=1,1 AGE_MS=18 T_MS=5407"
7882.882240368,TX,STATUS
7882.892433399,RX,"STATE STOPPING MODE=DRY ARMED=1 GOAL=0,0 POS=3078,4096 VEL=0,0 TORQUE=1,1 AGE_MS=18 T_MS=5427"
7882.902688004,TX,STATUS
7882.912879869,RX,"STATE STOPPING MODE=DRY ARMED=1 GOAL=0,0 POS=3078,4096 VEL=0,0 TORQUE=1,1 AGE_MS=18 T_MS=5447"
7882.923132104,TX,STATUS
7882.93332334,RX,"STATE STOPPING MODE=DRY ARMED=1 GOAL=0,0 POS=3078,4096 VEL=0,0 TORQUE=1,1 AGE_MS=19 T_MS=5468"
7882.943577963,TX,STATUS
7882.953740569,RX,"STATE STOPPING MODE=DRY ARMED=1 GOAL=0,0 POS=3078,4096 VEL=0,0 TORQUE=1,1 AGE_MS=0 T_MS=5489"
7882.963995471,TX,STATUS
7882.974206447,RX,EVENT STOPPED TORQUE_RETAINED
7882.974269854,RX,"STATE ARMED MODE=DRY ARMED=1 GOAL=0,0 POS=3078,4096 VEL=0,0 TORQUE=1,1 AGE_MS=0 T_MS=5509"
7882.974389353,TX,STOP
7882.984541589,RX,ACK STOP ZERO_REQUESTED
7882.984630236,TX,STATUS
7882.994781527,RX,"STATE STOPPING MODE=DRY ARMED=1 GOAL=0,0 POS=3078,4096 VEL=0,0 TORQUE=1,1 AGE_MS=0 T_MS=5529"
7883.00506417,TX,STATUS
7883.015260368,RX,"STATE STOPPING MODE=DRY ARMED=1 GOAL=0,0 POS=3078,4096 VEL=0,0 TORQUE=1,1 AGE_MS=1 T_MS=5550"
7883.025514973,TX,STATUS
7883.035678153,RX,"STATE STOPPING MODE=DRY ARMED=1 GOAL=0,0 POS=3078,4096 VEL=0,0 TORQUE=1,1 AGE_MS=2 T_MS=5571"
7883.045927666,TX,STATUS
7883.056119123,RX,"STATE STOPPING MODE=DRY ARMED=1 GOAL=0,0 POS=3078,4096 VEL=0,0 TORQUE=1,1 AGE_MS=1 T_MS=5590"
7883.06638408,TX,STATUS
7883.076554649,RX,"STATE STOPPING MODE=DRY ARMED=1 GOAL=0,0 POS=3078,4096 VEL=0,0 TORQUE=1,1 AGE_MS=2 T_MS=5611"
7883.086802106,RX,EVENT STOPPED TORQUE_RETAINED
7883.086887587,TX,STATUS
7883.097092915,RX,"STATE ARMED MODE=DRY ARMED=1 GOAL=0,0 POS=3078,4096 VEL=0,0 TORQUE=1,1 AGE_MS=3 T_MS=5632"
7883.097252896,TX,VEL -0.040000 0.000000
7883.107415261,RX,ACK VEL
7883.137981541,TX,VEL -0.040000 0.000000
7883.148214572,RX,ACK VEL
7883.178769667,TX,VEL -0.040000 0.000000
7883.188947291,RX,ACK VEL
7883.189059383,TX,STATUS
7883.199232952,RX,"STATE ARMED MODE=DRY ARMED=1 GOAL=-2,0 POS=3078,4096 VEL=-2,0 TORQUE=1,1 AGE_MS=4 T_MS=5733"
7883.219677922,TX,STOP
7883.229841861,RX,ACK STOP ZERO_REQUESTED
7883.229928805,TX,STATUS
7883.240079652,RX,"STATE STOPPING MODE=DRY ARMED=1 GOAL=0,0 POS=3078,4096 VEL=0,0 TORQUE=1,1 AGE_MS=6 T_MS=5775"
7883.250339887,TX,STATUS
7883.260532548,RX,"STATE STOPPING MODE=DRY ARMED=1 GOAL=0,0 POS=3078,4096 VEL=0,0 TORQUE=1,1 AGE_MS=7 T_MS=5796"
7883.270786413,TX,STATUS
7883.280950407,RX,"STATE STOPPING MODE=DRY ARMED=1 GOAL=0,0 POS=3078,4096 VEL=0,0 TORQUE=1,1 AGE_MS=6 T_MS=5815"
7883.291226846,TX,STATUS
7883.3014166,RX,"STATE STOPPING MODE=DRY ARMED=1 GOAL=0,0 POS=3078,4096 VEL=0,0 TORQUE=1,1 AGE_MS=7 T_MS=5836"
7883.311667946,TX,STATUS
7883.321833792,RX,"STATE STOPPING MODE=DRY ARMED=1 GOAL=0,0 POS=3078,4096 VEL=0,0 TORQUE=1,1 AGE_MS=8 T_MS=5857"
7883.332055379,RX,EVENT STOPPED TORQUE_RETAINED
7883.332140305,TX,STATUS
7883.342317244,RX,"STATE ARMED MODE=DRY ARMED=1 GOAL=0,0 POS=3078,4096 VEL=0,0 TORQUE=1,1 AGE_MS=9 T_MS=5878"
7883.342448521,TX,STOP
7883.352611405,RX,ACK STOP ZERO_REQUESTED
7883.352712163,TX,STATUS
7883.362869862,RX,"STATE STOPPING MODE=DRY ARMED=1 GOAL=0,0 POS=3078,4096 VEL=0,0 TORQUE=1,1 AGE_MS=8 T_MS=5897"
7883.373128134,TX,STATUS
7883.383319165,RX,"STATE STOPPING MODE=DRY ARMED=1 GOAL=0,0 POS=3078,4096 VEL=0,0 TORQUE=1,1 AGE_MS=9 T_MS=5918"
7883.393574011,TX,STATUS
7883.403738358,RX,"STATE STOPPING MODE=DRY ARMED=1 GOAL=0,0 POS=3078,4096 VEL=0,0 TORQUE=1,1 AGE_MS=10 T_MS=5939"
7883.41406587,TX,STATUS
7883.424262754,RX,"STATE STOPPING MODE=DRY ARMED=1 GOAL=0,0 POS=3078,4096 VEL=0,0 TORQUE=1,1 AGE_MS=10 T_MS=5959"
7883.434521044,TX,STATUS
7883.444708964,RX,"STATE STOPPING MODE=DRY ARMED=1 GOAL=0,0 POS=3078,4096 VEL=0,0 TORQUE=1,1 AGE_MS=10 T_MS=5979"
7883.454930885,RX,EVENT STOPPED TORQUE_RETAINED
7883.455040458,TX,STATUS
7883.465232527,RX,"STATE ARMED MODE=DRY ARMED=1 GOAL=0,0 POS=3078,4096 VEL=0,0 TORQUE=1,1 AGE_MS=11 T_MS=6000"
7883.465421952,TX,STOP
7883.475576872,RX,ACK STOP ZERO_REQUESTED
7883.475666316,TX,STATUS
7883.485816478,RX,"STATE STOPPING MODE=DRY ARMED=1 GOAL=0,0 POS=3078,4096 VEL=0,0 TORQUE=1,1 AGE_MS=12 T_MS=6021"
7883.496096601,TX,STATUS
7883.506293522,RX,"STATE STOPPING MODE=DRY ARMED=1 GOAL=0,0 POS=3078,4096 VEL=0,0 TORQUE=1,1 AGE_MS=12 T_MS=6041"
7883.516553535,TX,STATUS
7883.526720863,RX,"STATE STOPPING MODE=DRY ARMED=1 GOAL=0,0 POS=3078,4096 VEL=0,0 TORQUE=1,1 AGE_MS=12 T_MS=6061"
7883.536975912,TX,STATUS
7883.547191833,RX,"STATE STOPPING MODE=DRY ARMED=1 GOAL=0,0 POS=3078,4096 VEL=0,0 TORQUE=1,1 AGE_MS=13 T_MS=6082"
7883.557448049,TX,STATUS
7883.567612785,RX,"STATE STOPPING MODE=DRY ARMED=1 GOAL=0,0 POS=3078,4096 VEL=0,0 TORQUE=1,1 AGE_MS=14 T_MS=6103"
7883.577868057,TX,STATUS
7883.588082773,RX,"STATE STOPPING MODE=DRY ARMED=1 GOAL=0,0 POS=3078,4096 VEL=0,0 TORQUE=1,1 AGE_MS=13 T_MS=6122"
7883.588190902,RX,EVENT STOPPED TORQUE_RETAINED
7883.598392823,TX,STATUS
7883.608560965,RX,"STATE ARMED MODE=DRY ARMED=1 GOAL=0,0 POS=3078,4096 VEL=0,0 TORQUE=1,1 AGE_MS=14 T_MS=6143"
7883.628972584,TX,STOP
7883.639160005,RX,ACK STOP ZERO_REQUESTED
7883.639245948,TX,STATUS
7883.649395999,RX,"STATE STOPPING MODE=DRY ARMED=1 GOAL=0,0 POS=3078,4096 VEL=0,0 TORQUE=1,1 AGE_MS=15 T_MS=6184"
7883.659651308,TX,STATUS
7883.669844525,RX,"STATE STOPPING MODE=DRY ARMED=1 GOAL=0,0 POS=3078,4096 VEL=0,0 TORQUE=1,1 AGE_MS=15 T_MS=6204"
7883.680122611,TX,STATUS
7883.690339235,RX,"STATE STOPPING MODE=DRY ARMED=1 GOAL=0,0 POS=3078,4096 VEL=0,0 TORQUE=1,1 AGE_MS=15 T_MS=6225"
7883.700598692,TX,STATUS
7883.710793946,RX,"STATE STOPPING MODE=DRY ARMED=1 GOAL=0,0 POS=3078,4096 VEL=0,0 TORQUE=1,1 AGE_MS=16 T_MS=6246"
7883.721073107,TX,STATUS
7883.731238805,RX,"STATE STOPPING MODE=DRY ARMED=1 GOAL=0,0 POS=3078,4096 VEL=0,0 TORQUE=1,1 AGE_MS=16 T_MS=6266"
7883.741489911,TX,STATUS
7883.751679813,RX,"STATE STOPPING MODE=DRY ARMED=1 GOAL=0,0 POS=3078,4096 VEL=0,0 TORQUE=1,1 AGE_MS=16 T_MS=6286"
7883.751785905,RX,EVENT STOPPED TORQUE_RETAINED
7883.761986695,TX,STATUS
7883.772202023,RX,"STATE ARMED MODE=DRY ARMED=1 GOAL=0,0 POS=3078,4096 VEL=0,0 TORQUE=1,1 AGE_MS=17 T_MS=6307"
7883.792656975,TX,VEL -0.040000 0.000000
7883.802879117,RX,ACK VEL
7883.833476879,TX,VEL -0.040000 0.000000
7883.843690373,RX,ACK VEL
7883.864151899,TX,STATUS
7883.874378004,RX,"STATE ARMED MODE=DRY ARMED=1 GOAL=-2,0 POS=3078,4096 VEL=-2,0 TORQUE=1,1 AGE_MS=19 T_MS=6410"
7883.874567448,TX,VEL -0.040000 0.000000
7883.884739053,RX,ACK VEL
7883.915279667,TX,STOP
7883.925463402,RX,ACK STOP ZERO_REQUESTED
7883.92555942,TX,STATUS
7883.935717341,RX,"STATE STOPPING MODE=DRY ARMED=1 GOAL=0,0 POS=3078,4096 VEL=0,0 TORQUE=1,1 AGE_MS=0 T_MS=6471"
7883.945995187,TX,STATUS
7883.956241348,RX,"STATE STOPPING MODE=DRY ARMED=1 GOAL=0,0 POS=3078,4096 VEL=0,0 TORQUE=1,1 AGE_MS=19 T_MS=6490"
7883.966504453,TX,STATUS
7883.976673707,RX,"STATE STOPPING MODE=DRY ARMED=1 GOAL=0,0 POS=3078,4096 VEL=0,0 TORQUE=1,1 AGE_MS=0 T_MS=6511"
7883.986929072,TX,STATUS
7883.997122437,RX,"STATE STOPPING MODE=DRY ARMED=1 GOAL=0,0 POS=3078,4096 VEL=0,0 TORQUE=1,1 AGE_MS=1 T_MS=6532"
7884.007382875,TX,STATUS
7884.017552981,RX,"STATE STOPPING MODE=DRY ARMED=1 GOAL=0,0 POS=3078,4096 VEL=0,0 TORQUE=1,1 AGE_MS=1 T_MS=6553"
7884.027813457,TX,STATUS
7884.038028821,RX,EVENT STOPPED TORQUE_RETAINED
7884.038094321,RX,"STATE ARMED MODE=DRY ARMED=1 GOAL=0,0 POS=3078,4096 VEL=0,0 TORQUE=1,1 AGE_MS=0 T_MS=6572"
7884.038215635,TX,STOP
7884.04838313,RX,ACK STOP ZERO_REQUESTED
7884.048492203,TX,STATUS
7884.058669476,RX,"STATE STOPPING MODE=DRY ARMED=1 GOAL=0,0 POS=3078,4096 VEL=0,0 TORQUE=1,1 AGE_MS=1 T_MS=6593"
7884.068964025,TX,STATUS
7884.079189557,RX,"STATE STOPPING MODE=DRY ARMED=1 GOAL=0,0 POS=3078,4096 VEL=0,0 TORQUE=1,1 AGE_MS=2 T_MS=6614"
7884.089451643,TX,STATUS
7884.099614768,RX,"STATE STOPPING MODE=DRY ARMED=1 GOAL=0,0 POS=3078,4096 VEL=0,0 TORQUE=1,1 AGE_MS=3 T_MS=6635"
7884.109870651,TX,STATUS
7884.120089108,RX,"STATE STOPPING MODE=DRY ARMED=1 GOAL=0,0 POS=3078,4096 VEL=0,0 TORQUE=1,1 AGE_MS=2 T_MS=6654"
7884.130352806,TX,STATUS
7884.14057693,RX,"STATE STOPPING MODE=DRY ARMED=1 GOAL=0,0 POS=3078,4096 VEL=0,0 TORQUE=1,1 AGE_MS=3 T_MS=6675"
7884.150803165,RX,EVENT STOPPED TORQUE_RETAINED
7884.150888813,TX,STATUS
7884.161087567,RX,"STATE ARMED MODE=DRY ARMED=1 GOAL=0,0 POS=3078,4096 VEL=0,0 TORQUE=1,1 AGE_MS=4 T_MS=6696"
7884.161224973,TX,STOP
7884.171377838,RX,ACK STOP ZERO_REQUESTED
7884.171471856,TX,STATUS
7884.181670351,RX,"STATE STOPPING MODE=DRY ARMED=1 GOAL=0,0 POS=3078,4096 VEL=0,0 TORQUE=1,1 AGE_MS=4 T_MS=6716"
7884.191947401,TX,STATUS
7884.202171525,RX,"STATE STOPPING MODE=DRY ARMED=1 GOAL=0,0 POS=3078,4096 VEL=0,0 TORQUE=1,1 AGE_MS=5 T_MS=6737"
7884.212437,TX,STATUS
7884.222602013,RX,"STATE STOPPING MODE=DRY ARMED=1 GOAL=0,0 POS=3078,4096 VEL=0,0 TORQUE=1,1 AGE_MS=5 T_MS=6757"
7884.232848693,TX,STATUS
7884.243132242,RX,"STATE STOPPING MODE=DRY ARMED=1 GOAL=0,0 POS=3078,4096 VEL=0,0 TORQUE=1,1 AGE_MS=6 T_MS=6778"
7884.253417107,TX,STATUS
7884.263588268,RX,"STATE STOPPING MODE=DRY ARMED=1 GOAL=0,0 POS=3078,4096 VEL=0,0 TORQUE=1,1 AGE_MS=6 T_MS=6798"
7884.273831114,RX,EVENT STOPPED TORQUE_RETAINED
7884.273932392,TX,STATUS
7884.284128701,RX,"STATE ARMED MODE=DRY ARMED=1 GOAL=0,0 POS=3078,4096 VEL=0,0 TORQUE=1,1 AGE_MS=6 T_MS=6819"
7884.28426633,TX,STOP
7884.294439361,RX,ACK STOP ZERO_REQUESTED
7884.294527213,TX,STATUS
7884.3046793,RX,"STATE STOPPING MODE=DRY ARMED=1 GOAL=0,0 POS=3078,4096 VEL=0,0 TORQUE=1,1 AGE_MS=7 T_MS=6840"
7884.314940609,TX,STATUS
7884.325134252,RX,"STATE STOPPING MODE=DRY ARMED=1 GOAL=0,0 POS=3078,4096 VEL=0,0 TORQUE=1,1 AGE_MS=7 T_MS=6860"
7884.335390542,TX,STATUS
7884.345554796,RX,"STATE STOPPING MODE=DRY ARMED=1 GOAL=0,0 POS=3078,4096 VEL=0,0 TORQUE=1,1 AGE_MS=7 T_MS=6880"
7884.355807865,TX,STATUS
7884.366023026,RX,"STATE STOPPING MODE=DRY ARMED=1 GOAL=0,0 POS=3078,4096 VEL=0,0 TORQUE=1,1 AGE_MS=8 T_MS=6901"
7884.376328872,TX,STATUS
7884.386499274,RX,"STATE STOPPING MODE=DRY ARMED=1 GOAL=0,0 POS=3078,4096 VEL=0,0 TORQUE=1,1 AGE_MS=8 T_MS=6921"
7884.39672462,RX,EVENT STOPPED TORQUE_RETAINED
7884.396809397,TX,STATUS
7884.407058206,RX,"STATE ARMED MODE=DRY ARMED=1 GOAL=0,0 POS=3078,4096 VEL=0,0 TORQUE=1,1 AGE_MS=8 T_MS=6941"
7884.407194539,TX,STOP
7884.417347071,RX,ACK STOP ZERO_REQUESTED
7884.417433959,TX,STATUS
7884.427584843,RX,"STATE STOPPING MODE=DRY ARMED=1 GOAL=0,0 POS=3078,4096 VEL=0,0 TORQUE=1,1 AGE_MS=8 T_MS=6962"
7884.437843948,TX,STATUS
7884.448064368,RX,"STATE STOPPING MODE=DRY ARMED=1 GOAL=0,0 POS=3078,4096 VEL=0,0 TORQUE=1,1 AGE_MS=9 T_MS=6983"
7884.458325659,TX,STATUS
7884.468499524,RX,"STATE STOPPING MODE=DRY ARMED=1 GOAL=0,0 POS=3078,4096 VEL=0,0 TORQUE=1,1 AGE_MS=9 T_MS=7003"
7884.478759648,TX,STATUS
7884.488959827,RX,"STATE STOPPING MODE=DRY ARMED=1 GOAL=0,0 POS=3078,4096 VEL=0,0 TORQUE=1,1 AGE_MS=10 T_MS=7024"
7884.499241562,TX,STATUS
7884.509422094,RX,"STATE STOPPING MODE=DRY ARMED=1 GOAL=0,0 POS=3078,4096 VEL=0,0 TORQUE=1,1 AGE_MS=10 T_MS=7044"
7884.519674384,RX,EVENT STOPPED TORQUE_RETAINED
7884.519759773,TX,STATUS
7884.529946804,RX,"STATE ARMED MODE=DRY ARMED=1 GOAL=0,0 POS=3078,4096 VEL=0,0 TORQUE=1,1 AGE_MS=11 T_MS=7065"
7884.530133359,TX,VEL -0.040000 0.000000
7884.540338094,RX,ACK VEL
7884.570924763,TX,VEL -0.040000 0.000000
7884.581133517,RX,ACK VEL
7884.611725667,TX,VEL -0.040000 0.000000
7884.621904643,RX,ACK VEL
7884.621990309,TX,STATUS
7884.63218797,RX,"STATE ARMED MODE=DRY ARMED=1 GOAL=-2,0 POS=3078,4096 VEL=-2,0 TORQUE=1,1 AGE_MS=9 T_MS=7166"
7884.652641663,TX,STOP
7884.662832176,RX,ACK STOP ZERO_REQUESTED
7884.662919175,TX,STATUS
7884.673088115,RX,"STATE STOPPING MODE=DRY ARMED=1 GOAL=0,0 POS=3078,4096 VEL=-2,0 TORQUE=1,1 AGE_MS=14 T_MS=7208"
7884.683437256,TX,STATUS
7884.693672695,RX,"STATE STOPPING MODE=DRY ARMED=1 GOAL=0,0 POS=3078,4096 VEL=0,0 TORQUE=1,1 AGE_MS=14 T_MS=7229"
7884.703947337,TX,STATUS
7884.714138276,RX,"STATE STOPPING MODE=DRY ARMED=1 GOAL=0,0 POS=3078,4096 VEL=0,0 TORQUE=1,1 AGE_MS=13 T_MS=7248"
7884.724398326,TX,STATUS
7884.734631432,RX,"STATE STOPPING MODE=DRY ARMED=1 GOAL=0,0 POS=3078,4096 VEL=0,0 TORQUE=1,1 AGE_MS=14 T_MS=7269"
7884.744897741,TX,STATUS
7884.755069494,RX,"STATE STOPPING MODE=DRY ARMED=1 GOAL=0,0 POS=3078,4096 VEL=0,0 TORQUE=1,1 AGE_MS=15 T_MS=7290"
7884.765390359,TX,STATUS
7884.775608909,RX,"STATE STOPPING MODE=DRY ARMED=1 GOAL=0,0 POS=3078,4096 VEL=0,0 TORQUE=1,1 AGE_MS=16 T_MS=7311"
7884.775742834,RX,EVENT STOPPED TORQUE_RETAINED
7884.785985032,TX,STATUS
7884.796188378,RX,"STATE ARMED MODE=DRY ARMED=1 GOAL=0,0 POS=3078,4096 VEL=0,0 TORQUE=1,1 AGE_MS=16 T_MS=7331"
7884.816612237,TX,STOP
7884.826781843,RX,ACK STOP ZERO_REQUESTED
7884.826872343,TX,STATUS
7884.837059134,RX,"STATE STOPPING MODE=DRY ARMED=1 GOAL=0,0 POS=3078,4096 VEL=0,0 TORQUE=1,1 AGE_MS=17 T_MS=7372"
7884.847332035,TX,STATUS
7884.857555141,RX,"STATE STOPPING MODE=DRY ARMED=1 GOAL=0,0 POS=3078,4096 VEL=0,0 TORQUE=1,1 AGE_MS=17 T_MS=7392"
7884.867851394,TX,STATUS
7884.878055518,RX,"STATE STOPPING MODE=DRY ARMED=1 GOAL=0,0 POS=3078,4096 VEL=0,0 TORQUE=1,1 AGE_MS=17 T_MS=7412"
7884.888326475,TX,STATUS
7884.898581562,RX,"STATE STOPPING MODE=DRY ARMED=1 GOAL=0,0 POS=3078,4096 VEL=0,0 TORQUE=1,1 AGE_MS=17 T_MS=7433"
7884.908865871,TX,STATUS
7884.919056365,RX,"STATE STOPPING MODE=DRY ARMED=1 GOAL=0,0 POS=3078,4096 VEL=0,0 TORQUE=1,1 AGE_MS=18 T_MS=7454"
7884.929315711,TX,STATUS
7884.939510224,RX,"STATE STOPPING MODE=DRY ARMED=1 GOAL=0,0 POS=3078,4096 VEL=0,0 TORQUE=1,1 AGE_MS=19 T_MS=7475"
7884.939618724,RX,EVENT STOPPED TORQUE_RETAINED
7884.949851755,TX,STATUS
7884.960053676,RX,"STATE ARMED MODE=DRY ARMED=1 GOAL=0,0 POS=3078,4096 VEL=0,0 TORQUE=1,1 AGE_MS=18 T_MS=7494"
7884.98050059,TX,STOP
7884.990665807,RX,ACK STOP ZERO_REQUESTED
7884.990752659,TX,STATUS
7885.000910227,RX,"STATE STOPPING MODE=DRY ARMED=1 GOAL=0,0 POS=3078,4096 VEL=0,0 TORQUE=1,1 AGE_MS=0 T_MS=7536"
7885.011213499,TX,STATUS
7885.021418531,RX,"STATE STOPPING MODE=DRY ARMED=1 GOAL=0,0 POS=3078,4096 VEL=0,0 TORQUE=1,1 AGE_MS=0 T_MS=7556"
7885.031735228,TX,STATUS
7885.041905019,RX,"STATE STOPPING MODE=DRY ARMED=1 GOAL=0,0 POS=3078,4096 VEL=0,0 TORQUE=1,1 AGE_MS=0 T_MS=7576"
7885.052195328,TX,STATUS
7885.062391119,RX,"STATE STOPPING MODE=DRY ARMED=1 GOAL=0,0 POS=3078,4096 VEL=0,0 TORQUE=1,1 AGE_MS=1 T_MS=7597"
7885.072647076,TX,STATUS
7885.082809793,RX,"STATE STOPPING MODE=DRY ARMED=1 GOAL=0,0 POS=3078,4096 VEL=0,0 TORQUE=1,1 AGE_MS=1 T_MS=7618"
7885.09305425,RX,EVENT STOPPED TORQUE_RETAINED
7885.093139491,TX,STATUS
7885.10331867,RX,"STATE ARMED MODE=DRY ARMED=1 GOAL=0,0 POS=3078,4096 VEL=0,0 TORQUE=1,1 AGE_MS=1 T_MS=7638"
7885.103453614,TX,STOP
7885.113599665,RX,ACK STOP ZERO_REQUESTED
7885.11367672,TX,STATUS
7885.123827492,RX,"STATE STOPPING MODE=DRY ARMED=1 GOAL=0,0 POS=3078,4096 VEL=0,0 TORQUE=1,1 AGE_MS=1 T_MS=7658"
7885.134106412,TX,STATUS
7885.144314388,RX,"STATE STOPPING MODE=DRY ARMED=1 GOAL=0,0 POS=3078,4096 VEL=0,0 TORQUE=1,1 AGE_MS=2 T_MS=7679"
7885.154583031,TX,STATUS
7885.164756284,RX,"STATE STOPPING MODE=DRY ARMED=1 GOAL=0,0 POS=3078,4096 VEL=0,0 TORQUE=1,1 AGE_MS=3 T_MS=7700"
7885.17504263,TX,STATUS
7885.185241495,RX,"STATE STOPPING MODE=DRY ARMED=1 GOAL=0,0 POS=3078,4096 VEL=0,0 TORQUE=1,1 AGE_MS=3 T_MS=7720"
7885.195551971,TX,STATUS
7885.205719114,RX,"STATE STOPPING MODE=DRY ARMED=1 GOAL=0,0 POS=3078,4096 VEL=0,0 TORQUE=1,1 AGE_MS=3 T_MS=7740"
7885.215945941,RX,EVENT STOPPED TORQUE_RETAINED
7885.216052292,TX,STATUS
7885.226245769,RX,"STATE ARMED MODE=DRY ARMED=1 GOAL=0,0 POS=3078,4096 VEL=0,0 TORQUE=1,1 AGE_MS=4 T_MS=7761"
7885.226381731,TX,STOP
7885.236543559,RX,ACK STOP ZERO_REQUESTED
7885.236631095,TX,STATUS
7885.24678872,RX,"STATE STOPPING MODE=DRY ARMED=1 GOAL=0,0 POS=3078,4096 VEL=0,0 TORQUE=1,1 AGE_MS=5 T_MS=7782"
7885.257079899,TX,STATUS
7885.267281764,RX,"STATE STOPPING MODE=DRY ARMED=1 GOAL=0,0 POS=3078,4096 VEL=0,0 TORQUE=1,1 AGE_MS=5 T_MS=7802"
7885.277545091,TX,STATUS
7885.287714549,RX,"STATE STOPPING MODE=DRY ARMED=1 GOAL=0,0 POS=3078,4096 VEL=0,0 TORQUE=1,1 AGE_MS=4 T_MS=7822"
7885.29797271,TX,STATUS
7885.30819326,RX,"STATE STOPPING MODE=DRY ARMED=1 GOAL=0,0 POS=3078,4096 VEL=0,0 TORQUE=1,1 AGE_MS=5 T_MS=7843"
7885.318455402,TX,STATUS
7885.328623693,RX,"STATE STOPPING MODE=DRY ARMED=1 GOAL=0,0 POS=3078,4096 VEL=0,0 TORQUE=1,1 AGE_MS=5 T_MS=7863"
7885.338904613,RX,EVENT STOPPED TORQUE_RETAINED
7885.33899089,TX,STATUS
7885.349213329,RX,"STATE ARMED MODE=DRY ARMED=1 GOAL=0,0 POS=3078,4096 VEL=0,0 TORQUE=1,1 AGE_MS=6 T_MS=7884"
7885.349375236,TX,VEL -0.040000 0.000000
7885.359568527,RX,ACK VEL
7885.390232251,TX,VEL -0.040000 0.000000
7885.40042769,RX,ACK VEL
7885.431043081,TX,VEL -0.040000 0.000000
7885.441226112,RX,ACK VEL
7885.441314149,TX,STATUS
7885.451476144,RX,"STATE ARMED MODE=DRY ARMED=1 GOAL=-2,0 POS=3078,4096 VEL=-2,0 TORQUE=1,1 AGE_MS=7 T_MS=7986"
7885.471919725,TX,STOP
7885.482087683,RX,ACK STOP ZERO_REQUESTED
7885.482173886,TX,STATUS
7885.492328492,RX,"STATE STOPPING MODE=DRY ARMED=1 GOAL=0,0 POS=3078,4096 VEL=0,0 TORQUE=1,1 AGE_MS=8 T_MS=8027"
7885.50264343,TX,STATUS
7885.512840888,RX,"STATE STOPPING MODE=DRY ARMED=1 GOAL=0,0 POS=3078,4096 VEL=0,0 TORQUE=1,1 AGE_MS=8 T_MS=8047"
7885.523108271,TX,STATUS
7885.533320376,RX,"STATE STOPPING MODE=DRY ARMED=1 GOAL=0,0 POS=3078,4096 VEL=0,0 TORQUE=1,1 AGE_MS=9 T_MS=8068"
7885.543586815,TX,STATUS
7885.553794921,RX,"STATE STOPPING MODE=DRY ARMED=1 GOAL=0,0 POS=3078,4096 VEL=0,0 TORQUE=1,1 AGE_MS=10 T_MS=8089"
7885.564104803,TX,STATUS
7885.574272094,RX,"STATE STOPPING MODE=DRY ARMED=1 GOAL=0,0 POS=3078,4096 VEL=0,0 TORQUE=1,1 AGE_MS=10 T_MS=8109"
7885.584497292,RX,EVENT STOPPED TORQUE_RETAINED
7885.584584718,TX,STATUS
7885.594766601,RX,"STATE ARMED MODE=DRY ARMED=1 GOAL=0,0 POS=3078,4096 VEL=0,0 TORQUE=1,1 AGE_MS=10 T_MS=8129"
7885.594904304,TX,STOP
7885.605058206,RX,ACK STOP ZERO_REQUESTED
7885.605147002,TX,STATUS
7885.615345589,RX,"STATE STOPPING MODE=DRY ARMED=1 GOAL=0,0 POS=3078,4096 VEL=0,0 TORQUE=1,1 AGE_MS=11 T_MS=8150"
7885.625611732,TX,STATUS
7885.635809282,RX,"STATE STOPPING MODE=DRY ARMED=1 GOAL=0,0 POS=3078,4096 VEL=0,0 TORQUE=1,1 AGE_MS=12 T_MS=8171"
7885.646140183,TX,STATUS
7885.656314067,RX,"STATE STOPPING MODE=DRY ARMED=1 GOAL=0,0 POS=3078,4096 VEL=0,0 TORQUE=1,1 AGE_MS=12 T_MS=8191"
7885.666578283,TX,STATUS
7885.676776537,RX,"STATE STOPPING MODE=DRY ARMED=1 GOAL=0,0 POS=3078,4096 VEL=0,0 TORQUE=1,1 AGE_MS=12 T_MS=8211"
7885.687064753,TX,STATUS
7885.697252896,RX,"STATE STOPPING MODE=DRY ARMED=1 GOAL=0,0 POS=3078,4096 VEL=0,0 TORQUE=1,1 AGE_MS=13 T_MS=8232"
7885.697363117,RX,EVENT STOPPED TORQUE_RETAINED
7885.707563223,TX,STATUS
7885.717755903,RX,"STATE ARMED MODE=DRY ARMED=1 GOAL=0,0 POS=3078,4096 VEL=0,0 TORQUE=1,1 AGE_MS=13 T_MS=8253"
7885.717891198,TX,STOP
7885.728069952,RX,ACK STOP ZERO_REQUESTED
7885.728178766,TX,STATUS
7885.738339706,RX,"STATE STOPPING MODE=DRY ARMED=1 GOAL=0,0 POS=3078,4096 VEL=0,0 TORQUE=1,1 AGE_MS=13 T_MS=8273"
7885.748653848,TX,STATUS
7885.758853157,RX,"STATE STOPPING MODE=DRY ARMED=1 GOAL=0,0 POS=3078,4096 VEL=0,0 TORQUE=1,1 AGE_MS=13 T_MS=8293"
7885.769114836,TX,STATUS
7885.779327923,RX,"STATE STOPPING MODE=DRY ARMED=1 GOAL=0,0 POS=3078,4096 VEL=0,0 TORQUE=1,1 AGE_MS=14 T_MS=8314"
7885.789584381,TX,STATUS
7885.799780375,RX,"STATE STOPPING MODE=DRY ARMED=1 GOAL=0,0 POS=3078,4096 VEL=0,0 TORQUE=1,1 AGE_MS=15 T_MS=8335"
7885.810064851,TX,STATUS
7885.820231142,RX,"STATE STOPPING MODE=DRY ARMED=1 GOAL=0,0 POS=3078,4096 VEL=0,0 TORQUE=1,1 AGE_MS=15 T_MS=8355"
7885.830533136,TX,STATUS
7885.840727945,RX,"STATE STOPPING MODE=DRY ARMED=1 GOAL=0,0 POS=3078,4096 VEL=0,0 TORQUE=1,1 AGE_MS=15 T_MS=8375"
7885.840838648,RX,EVENT STOPPED TORQUE_RETAINED
7885.851067346,TX,STATUS
7885.861233656,RX,"STATE ARMED MODE=DRY ARMED=1 GOAL=0,0 POS=3078,4096 VEL=0,0 TORQUE=1,1 AGE_MS=16 T_MS=8396"
7885.881648682,TX,STOP
7885.891817362,RX,ACK STOP ZERO_REQUESTED
7885.891907287,TX,STATUS
7885.90208143,RX,"STATE STOPPING MODE=DRY ARMED=1 GOAL=0,0 POS=3078,4096 VEL=0,0 TORQUE=1,1 AGE_MS=17 T_MS=8437"
7885.91234085,TX,STATUS
7885.922534419,RX,"STATE STOPPING MODE=DRY ARMED=1 GOAL=0,0 POS=3078,4096 VEL=0,0 TORQUE=1,1 AGE_MS=17 T_MS=8457"
7885.932791005,TX,STATUS
7885.942954852,RX,"STATE STOPPING MODE=DRY ARMED=1 GOAL=0,0 POS=3078,4096 VEL=0,0 TORQUE=1,1 AGE_MS=18 T_MS=8478"
7885.953224624,TX,STATUS
7885.963413933,RX,"STATE STOPPING MODE=DRY ARMED=1 GOAL=0,0 POS=3078,4096 VEL=0,0 TORQUE=1,1 AGE_MS=18 T_MS=8498"
7885.97372215,TX,STATUS
7885.983887681,RX,"STATE STOPPING MODE=DRY ARMED=1 GOAL=0,0 POS=3078,4096 VEL=0,0 TORQUE=1,1 AGE_MS=18 T_MS=8519"
7885.994141398,TX,STATUS
7886.0043408,RX,"STATE STOPPING MODE=DRY ARMED=1 GOAL=0,0 POS=3078,4096 VEL=0,0 TORQUE=1,1 AGE_MS=18 T_MS=8539"
7886.004452688,RX,EVENT STOPPED TORQUE_RETAINED
7886.014654127,TX,STATUS
7886.024821696,RX,"STATE ARMED MODE=DRY ARMED=1 GOAL=0,0 POS=3078,4096 VEL=0,0 TORQUE=1,1 AGE_MS=19 T_MS=8560"
7886.04525087,TX,STOP
7886.055417698,RX,ACK STOP ZERO_REQUESTED
7886.055504124,TX,STATUS
7886.065665822,RX,"STATE STOPPING MODE=DRY ARMED=1 GOAL=0,0 POS=3078,4096 VEL=0,0 TORQUE=1,1 AGE_MS=19 T_MS=8600"
7886.075955631,TX,STATUS
7886.086240847,RX,"STATE STOPPING MODE=DRY ARMED=1 GOAL=0,0 POS=3078,4096 VEL=0,0 TORQUE=1,1 AGE_MS=0 T_MS=8621"
7886.096531897,TX,STATUS
7886.106708114,RX,"STATE STOPPING MODE=DRY ARMED=1 GOAL=0,0 POS=3078,4096 VEL=0,0 TORQUE=1,1 AGE_MS=0 T_MS=8641"
7886.116974626,TX,STATUS
7886.127204454,RX,"STATE STOPPING MODE=DRY ARMED=1 GOAL=0,0 POS=3078,4096 VEL=0,0 TORQUE=1,1 AGE_MS=1 T_MS=8662"
7886.13752204,TX,STATUS
7886.147696276,RX,"STATE STOPPING MODE=DRY ARMED=1 GOAL=0,0 POS=3078,4096 VEL=0,0 TORQUE=1,1 AGE_MS=1 T_MS=8682"
7886.157926289,RX,EVENT STOPPED TORQUE_RETAINED
7886.158035603,TX,STATUS
7886.168256023,RX,"STATE ARMED MODE=DRY ARMED=1 GOAL=0,0 POS=3078,4096 VEL=0,0 TORQUE=1,1 AGE_MS=1 T_MS=8703"
7886.16844893,TX,VEL -0.040000 0.000000
7886.178621072,RX,ACK VEL
7886.209244149,TX,VEL -0.040000 0.000000
7886.219427384,RX,ACK VEL
7886.250033849,TX,VEL -0.040000 0.000000
7886.260215048,RX,ACK VEL
7886.26030251,TX,STATUS
7886.270462634,RX,"STATE ARMED MODE=DRY ARMED=1 GOAL=-2,0 POS=3078,4096 VEL=-2,0 TORQUE=1,1 AGE_MS=3 T_MS=8805"
7886.290903253,TX,STOP
7886.301125599,RX,ACK STOP ZERO_REQUESTED
7886.301241913,TX,STATUS
7886.311411167,RX,"STATE STOPPING MODE=DRY ARMED=1 GOAL=0,0 POS=3078,4096 VEL=0,0 TORQUE=1,1 AGE_MS=4 T_MS=8846"
7886.321717069,TX,STATUS
7886.33197573,RX,"STATE STOPPING MODE=DRY ARMED=1 GOAL=0,0 POS=3078,4096 VEL=0,0 TORQUE=1,1 AGE_MS=4 T_MS=8866"
7886.342277686,TX,STATUS
7886.352449496,RX,"STATE STOPPING MODE=DRY ARMED=1 GOAL=0,0 POS=3078,4096 VEL=0,0 TORQUE=1,1 AGE_MS=5 T_MS=8887"
7886.362711546,TX,STATUS
7886.372905763,RX,"STATE STOPPING MODE=DRY ARMED=1 GOAL=0,0 POS=3078,4096 VEL=0,0 TORQUE=1,1 AGE_MS=6 T_MS=8908"
7886.383207497,TX,STATUS
7886.393385992,RX,"STATE STOPPING MODE=DRY ARMED=1 GOAL=0,0 POS=3078,4096 VEL=0,0 TORQUE=1,1 AGE_MS=6 T_MS=8928"
7886.403613653,RX,EVENT STOPPED TORQUE_RETAINED
7886.403700078,TX,STATUS
7886.413930036,RX,"STATE ARMED MODE=DRY ARMED=1 GOAL=0,0 POS=3078,4096 VEL=0,0 TORQUE=1,1 AGE_MS=6 T_MS=8948"
7886.414094387,TX,STOP
7886.424259955,RX,ACK STOP ZERO_REQUESTED
7886.424349566,TX,STATUS
7886.434503302,RX,"STATE STOPPING MODE=DRY ARMED=1 GOAL=0,0 POS=3078,4096 VEL=0,0 TORQUE=1,1 AGE_MS=6 T_MS=8969"
7886.444769037,TX,STATUS
7886.454966198,RX,"STATE STOPPING MODE=DRY ARMED=1 GOAL=0,0 POS=3078,4096 VEL=0,0 TORQUE=1,1 AGE_MS=7 T_MS=8990"
7886.465266655,TX,STATUS
7886.475432409,RX,"STATE STOPPING MODE=DRY ARMED=1 GOAL=0,0 POS=3078,4096 VEL=0,0 TORQUE=1,1 AGE_MS=8 T_MS=9011"
7886.485687588,TX,STATUS
7886.495883601,RX,"STATE STOPPING MODE=DRY ARMED=1 GOAL=0,0 POS=3078,4096 VEL=0,0 TORQUE=1,1 AGE_MS=7 T_MS=9030"
7886.506141836,TX,STATUS
7886.516307016,RX,"STATE STOPPING MODE=DRY ARMED=1 GOAL=0,0 POS=3078,4096 VEL=0,0 TORQUE=1,1 AGE_MS=8 T_MS=9051"
7886.526528381,RX,EVENT STOPPED TORQUE_RETAINED
7886.526613695,TX,STATUS
7886.536792338,RX,"STATE ARMED MODE=DRY ARMED=1 GOAL=0,0 POS=3078,4096 VEL=0,0 TORQUE=1,1 AGE_MS=9 T_MS=9072"
7886.536927078,TX,STOP
7886.547129202,RX,ACK STOP ZERO_REQUESTED
7886.547217387,TX,STATUS
7886.557371419,RX,"STATE STOPPING MODE=DRY ARMED=1 GOAL=0,0 POS=3078,4096 VEL=0,0 TORQUE=1,1 AGE_MS=10 T_MS=9093"
7886.567632265,TX,STATUS
7886.577827426,RX,"STATE STOPPING MODE=DRY ARMED=1 GOAL=0,0 POS=3078,4096 VEL=0,0 TORQUE=1,1 AGE_MS=8 T_MS=9112"
7886.588085198,TX,STATUS
7886.598252248,RX,"STATE STOPPING MODE=DRY ARMED=1 GOAL=0,0 POS=3078,4096 VEL=0,0 TORQUE=1,1 AGE_MS=9 T_MS=9133"
7886.608647168,TX,STATUS
7886.618878032,RX,"STATE STOPPING MODE=DRY ARMED=1 GOAL=0,0 POS=3078,4096 VEL=0,0 TORQUE=1,1 AGE_MS=10 T_MS=9154"
7886.629221563,TX,STATUS
7886.639391558,RX,"STATE STOPPING MODE=DRY ARMED=1 GOAL=0,0 POS=3078,4096 VEL=0,0 TORQUE=1,1 AGE_MS=11 T_MS=9175"
7886.649619608,RX,EVENT STOPPED TORQUE_RETAINED
7886.649704163,TX,STATUS
7886.659887028,RX,"STATE ARMED MODE=DRY ARMED=1 GOAL=0,0 POS=3078,4096 VEL=0,0 TORQUE=1,1 AGE_MS=10 T_MS=9194"
7886.660044879,TX,STOP
7886.67020804,RX,ACK STOP ZERO_REQUESTED
7886.670296058,TX,STATUS
7886.68048959,RX,"STATE STOPPING MODE=DRY ARMED=1 GOAL=0,0 POS=3078,4096 VEL=0,0 TORQUE=1,1 AGE_MS=11 T_MS=9215"
7886.690906176,TX,STATUS
7886.7011733,RX,"STATE STOPPING MODE=DRY ARMED=1 GOAL=0,0 POS=3078,4096 VEL=0,0 TORQUE=1,1 AGE_MS=12 T_MS=9236"
7886.711466405,TX,STATUS
7886.721641603,RX,"STATE STOPPING MODE=DRY ARMED=1 GOAL=0,0 POS=3078,4096 VEL=0,0 TORQUE=1,1 AGE_MS=12 T_MS=9256"
7886.731908542,TX,STATUS
7886.742106944,RX,"STATE STOPPING MODE=DRY ARMED=1 GOAL=0,0 POS=3078,4096 VEL=0,0 TORQUE=1,1 AGE_MS=13 T_MS=9277"
7886.752375475,TX,STATUS
7886.762545877,RX,"STATE STOPPING MODE=DRY ARMED=1 GOAL=0,0 POS=3078,4096 VEL=0,0 TORQUE=1,1 AGE_MS=13 T_MS=9297"
7886.772807556,TX,STATUS
7886.78302644,RX,"STATE STOPPING MODE=DRY ARMED=1 GOAL=0,0 POS=3078,4096 VEL=0,0 TORQUE=1,1 AGE_MS=14 T_MS=9318"
7886.783140217,RX,EVENT STOPPED TORQUE_RETAINED
7886.7933431,TX,STATUS
7886.803511928,RX,"STATE ARMED MODE=DRY ARMED=1 GOAL=0,0 POS=3078,4096 VEL=0,0 TORQUE=1,1 AGE_MS=14 T_MS=9338"
7886.823932084,TX,STOP
7886.834111301,RX,ACK STOP ZERO_REQUESTED
7886.834199337,TX,STATUS
7886.844358795,RX,"STATE STOPPING MODE=DRY ARMED=1 GOAL=0,0 POS=3078,4096 VEL=0,0 TORQUE=1,1 AGE_MS=14 T_MS=9379"
7886.854624678,TX,STATUS
7886.864826765,RX,"STATE STOPPING MODE=DRY ARMED=1 GOAL=0,0 POS=3078,4096 VEL=0,0 TORQUE=1,1 AGE_MS=15 T_MS=9400"
7886.875093167,TX,STATUS
7886.885263458,RX,"STATE STOPPING MODE=DRY ARMED=1 GOAL=0,0 POS=3078,4096 VEL=0,0 TORQUE=1,1 AGE_MS=15 T_MS=9420"
7886.895536989,TX,STATUS
7886.905760336,RX,"STATE STOPPING MODE=DRY ARMED=1 GOAL=0,0 POS=3078,4096 VEL=0,0 TORQUE=1,1 AGE_MS=15 T_MS=9440"
7886.916066163,TX,STATUS
7886.926244435,RX,"STATE STOPPING MODE=DRY ARMED=1 GOAL=0,0 POS=3078,4096 VEL=0,0 TORQUE=1,1 AGE_MS=16 T_MS=9461"
7886.936511263,TX,STATUS
7886.94678772,RX,"STATE STOPPING MODE=DRY ARMED=1 GOAL=0,0 POS=3078,4096 VEL=0,0 TORQUE=1,1 AGE_MS=16 T_MS=9481"
7886.94692083,RX,EVENT STOPPED TORQUE_RETAINED
7886.957130806,TX,STATUS
7886.967298893,RX,"STATE ARMED MODE=DRY ARMED=1 GOAL=0,0 POS=3078,4096 VEL=0,0 TORQUE=1,1 AGE_MS=17 T_MS=9502"
7886.987805623,TX,VEL -0.040000 0.000000
7886.997984562,RX,ACK VEL
7887.028561361,TX,VEL -0.040000 0.000000
7887.038737855,RX,ACK VEL
7887.059101826,TX,STATUS
7887.069303561,RX,"STATE ARMED MODE=DRY ARMED=1 GOAL=-2,0 POS=3078,4096 VEL=-2,0 TORQUE=1,1 AGE_MS=18 T_MS=9604"
7887.069473005,TX,VEL -0.040000 0.000000
7887.079639611,RX,ACK VEL
7887.110150947,TX,STOP
7887.120320053,RX,ACK STOP ZERO_REQUESTED
7887.120408404,TX,STATUS
7887.130607362,RX,"STATE STOPPING MODE=DRY ARMED=1 GOAL=0,0 POS=3078,4096 VEL=-2,0 TORQUE=1,1 AGE_MS=18 T_MS=9665"
7887.140874263,TX,STATUS
7887.151092461,RX,"STATE STOPPING MODE=DRY ARMED=1 GOAL=0,0 POS=3078,4096 VEL=0,0 TORQUE=1,1 AGE_MS=19 T_MS=9686"
7887.161354956,TX,STATUS
7887.171523061,RX,"STATE STOPPING MODE=DRY ARMED=1 GOAL=0,0 POS=3078,4096 VEL=0,0 TORQUE=1,1 AGE_MS=0 T_MS=9707"
7887.18177663,TX,STATUS
7887.191967847,RX,"STATE STOPPING MODE=DRY ARMED=1 GOAL=0,0 POS=3078,4096 VEL=0,0 TORQUE=1,1 AGE_MS=19 T_MS=9726"
7887.202248378,TX,STATUS
7887.212416613,RX,"STATE STOPPING MODE=DRY ARMED=1 GOAL=0,0 POS=3078,4096 VEL=0,0 TORQUE=1,1 AGE_MS=0 T_MS=9747"
7887.222644552,RX,EVENT STOPPED TORQUE_RETAINED
7887.222733792,TX,STATUS
7887.232919435,RX,"STATE ARMED MODE=DRY ARMED=1 GOAL=0,0 POS=3078,4096 VEL=0,0 TORQUE=1,1 AGE_MS=1 T_MS=9768"
7887.233078175,TX,STOP
7887.243241596,RX,ACK STOP ZERO_REQUESTED
7887.243327577,TX,STATUS
7887.25347896,RX,"STATE STOPPING MODE=DRY ARMED=1 GOAL=0,0 POS=3078,4096 VEL=0,0 TORQUE=1,1 AGE_MS=1 T_MS=9789"
7887.263801695,TX,STATUS
7887.274021264,RX,"STATE STOPPING MODE=DRY ARMED=1 GOAL=0,0 POS=3078,4096 VEL=0,0 TORQUE=1,1 AGE_MS=0 T_MS=9808"
7887.284284943,TX,STATUS
7887.294472919,RX,"STATE STOPPING MODE=DRY ARMED=1 GOAL=0,0 POS=3078,4096 VEL=0,0 TORQUE=1,1 AGE_MS=1 T_MS=9829"
7887.304729321,TX,STATUS
7887.314921667,RX,"STATE STOPPING MODE=DRY ARMED=1 GOAL=0,0 POS=3078,4096 VEL=0,0 TORQUE=1,1 AGE_MS=2 T_MS=9850"
7887.325202013,TX,STATUS
7887.335366582,RX,"STATE STOPPING MODE=DRY ARMED=1 GOAL=0,0 POS=3078,4096 VEL=0,0 TORQUE=1,1 AGE_MS=3 T_MS=9871"
7887.345587854,RX,EVENT STOPPED TORQUE_RETAINED
7887.34567278,TX,STATUS
7887.355851552,RX,"STATE ARMED MODE=DRY ARMED=1 GOAL=0,0 POS=3078,4096 VEL=0,0 TORQUE=1,1 AGE_MS=2 T_MS=9890"
7887.355982885,TX,STOP
7887.366172139,RX,ACK STOP ZERO_REQUESTED
7887.366261934,TX,STATUS
7887.376436373,RX,"STATE STOPPING MODE=DRY ARMED=1 GOAL=0,0 POS=3078,4096 VEL=0,0 TORQUE=1,1 AGE_MS=3 T_MS=9911"
7887.386709627,TX,STATUS
7887.396934714,RX,"STATE STOPPING MODE=DRY ARMED=1 GOAL=0,0 POS=3078,4096 VEL=0,0 TORQUE=1,1 AGE_MS=3 T_MS=9932"
7887.40722743,TX,STATUS
7887.417394462,RX,"STATE STOPPING MODE=DRY ARMED=1 GOAL=0,0 POS=3078,4096 VEL=0,0 TORQUE=1,1 AGE_MS=4 T_MS=9953"
7887.427648456,TX,STATUS
7887.437840599,RX,"STATE STOPPING MODE=DRY ARMED=1 GOAL=0,0 POS=3078,4096 VEL=0,0 TORQUE=1,1 AGE_MS=3 T_MS=9972"
7887.448097112,TX,STATUS
7887.458308458,RX,"STATE STOPPING MODE=DRY ARMED=1 GOAL=0,0 POS=3078,4096 VEL=0,0 TORQUE=1,1 AGE_MS=4 T_MS=9993"
7887.468534434,RX,EVENT STOPPED TORQUE_RETAINED
7887.468622082,TX,STATUS
7887.478804076,RX,"STATE ARMED MODE=DRY ARMED=1 GOAL=0,0 POS=3078,4096 VEL=0,0 TORQUE=1,1 AGE_MS=5 T_MS=10014"
7887.478939927,TX,STOP
7887.489113829,RX,ACK STOP ZERO_REQUESTED
7887.489201051,TX,STATUS
7887.499352953,RX,"STATE STOPPING MODE=DRY ARMED=1 GOAL=0,0 POS=3078,4096 VEL=0,0 TORQUE=1,1 AGE_MS=5 T_MS=10034"
7887.509629781,TX,STATUS
7887.519890275,RX,"STATE STOPPING MODE=DRY ARMED=1 GOAL=0,0 POS=3078,4096 VEL=0,0 TORQUE=1,1 AGE_MS=5 T_MS=10054"
7887.530213102,TX,STATUS
7887.540391319,RX,"STATE STOPPING MODE=DRY ARMED=1 GOAL=0,0 POS=3078,4096 VEL=0,0 TORQUE=1,1 AGE_MS=5 T_MS=10075"
7887.550657462,TX,STATUS
7887.560855512,RX,"STATE STOPPING MODE=DRY ARMED=1 GOAL=0,0 POS=3078,4096 VEL=0,0 TORQUE=1,1 AGE_MS=6 T_MS=10096"
7887.571140895,TX,STATUS
7887.581313371,RX,"STATE STOPPING MODE=DRY ARMED=1 GOAL=0,0 POS=3078,4096 VEL=0,0 TORQUE=1,1 AGE_MS=5 T_MS=10115"
7887.591538958,RX,EVENT STOPPED TORQUE_RETAINED
7887.591623217,TX,STATUS
7887.601806471,RX,"STATE ARMED MODE=DRY ARMED=1 GOAL=0,0 POS=3078,4096 VEL=0,0 TORQUE=1,1 AGE_MS=6 T_MS=10136"
7887.601940322,TX,STOP
7887.612093909,RX,ACK STOP ZERO_REQUESTED
7887.612180927,TX,STATUS
7887.622333385,RX,"STATE STOPPING MODE=DRY ARMED=1 GOAL=0,0 POS=3078,4096 VEL=0,0 TORQUE=1,1 AGE_MS=6 T_MS=10157"
7887.632589361,TX,STATUS
7887.642792226,RX,"STATE STOPPING MODE=DRY ARMED=1 GOAL=0,0 POS=3078,4096 VEL=0,0 TORQUE=1,1 AGE_MS=7 T_MS=10178"
7887.653177552,TX,STATUS
7887.663375658,RX,"STATE STOPPING MODE=DRY ARMED=1 GOAL=0,0 POS=3078,4096 VEL=0,0 TORQUE=1,1 AGE_MS=8 T_MS=10199"
7887.673658115,TX,STATUS
7887.683866943,RX,"STATE STOPPING MODE=DRY ARMED=1 GOAL=0,0 POS=3078,4096 VEL=0,0 TORQUE=1,1 AGE_MS=7 T_MS=10218"
7887.694142733,TX,STATUS
7887.704316376,RX,"STATE STOPPING MODE=DRY ARMED=1 GOAL=0,0 POS=3078,4096 VEL=0,0 TORQUE=1,1 AGE_MS=8 T_MS=10239"
7887.714566871,RX,EVENT STOPPED TORQUE_RETAINED
7887.714674037,TX,STATUS
7887.724876939,RX,"STATE ARMED MODE=DRY ARMED=1 GOAL=0,0 POS=3078,4096 VEL=0,0 TORQUE=1,1 AGE_MS=9 T_MS=10260"
7887.725087511,TX,VEL -0.040000 0.000000
7887.735267043,RX,ACK VEL
7887.765812657,TX,VEL -0.040000 0.000000
7887.775990077,RX,ACK VEL
7887.806600431,TX,VEL -0.040000 0.000000
7887.81678213,RX,ACK VEL
7887.816873092,TX,STATUS
7887.82705955,RX,"STATE ARMED MODE=DRY ARMED=1 GOAL=-2,0 POS=3078,4096 VEL=-2,0 TORQUE=1,1 AGE_MS=10 T_MS=10361"
7887.847564724,TX,STOP
7887.857732904,RX,ACK STOP ZERO_REQUESTED
7887.857822162,TX,STATUS
7887.867975009,RX,"STATE STOPPING MODE=DRY ARMED=1 GOAL=0,0 POS=3078,4096 VEL=-2,0 TORQUE=1,1 AGE_MS=12 T_MS=10403"
7887.878343706,TX,STATUS
7887.88854546,RX,"STATE STOPPING MODE=DRY ARMED=1 GOAL=0,0 POS=3078,4096 VEL=0,0 TORQUE=1,1 AGE_MS=12 T_MS=10424"
7887.898858695,TX,STATUS
7887.909054893,RX,"STATE STOPPING MODE=DRY ARMED=1 GOAL=0,0 POS=3078,4096 VEL=0,0 TORQUE=1,1 AGE_MS=12 T_MS=10444"
7887.919363998,TX,STATUS
7887.929583678,RX,"STATE STOPPING MODE=DRY ARMED=1 GOAL=0,0 POS=3078,4096 VEL=0,0 TORQUE=1,1 AGE_MS=12 T_MS=10464"
7887.939867209,TX,STATUS
7887.95006087,RX,"STATE STOPPING MODE=DRY ARMED=1 GOAL=0,0 POS=3078,4096 VEL=0,0 TORQUE=1,1 AGE_MS=13 T_MS=10485"
7887.960326661,TX,STATUS
7887.9705276,RX,"STATE STOPPING MODE=DRY ARMED=1 GOAL=0,0 POS=3078,4096 VEL=0,0 TORQUE=1,1 AGE_MS=13 T_MS=10505"
7887.970640136,RX,EVENT STOPPED TORQUE_RETAINED
7887.980840353,TX,STATUS
7887.991026848,RX,"STATE ARMED MODE=DRY ARMED=1 GOAL=0,0 POS=3078,4096 VEL=0,0 TORQUE=1,1 AGE_MS=14 T_MS=10526"
7888.011468411,TX,STOP
7888.021646479,RX,ACK STOP ZERO_REQUESTED
7888.021735182,TX,STATUS
7888.031883233,RX,"STATE STOPPING MODE=DRY ARMED=1 GOAL=0,0 POS=3078,4096 VEL=0,0 TORQUE=1,1 AGE_MS=15 T_MS=10567"
7888.042169764,TX,STATUS
7888.052372573,RX,"STATE STOPPING MODE=DRY ARMED=1 GOAL=0,0 POS=3078,4096 VEL=0,0 TORQUE=1,1 AGE_MS=15 T_MS=10587"
7888.062634716,TX,STATUS
7888.07279934,RX,"STATE STOPPING MODE=DRY ARMED=1 GOAL=0,0 POS=3078,4096 VEL=0,0 TORQUE=1,1 AGE_MS=16 T_MS=10608"
7888.08307602,TX,STATUS
7888.093270366,RX,"STATE STOPPING MODE=DRY ARMED=1 GOAL=0,0 POS=3078,4096 VEL=0,0 TORQUE=1,1 AGE_MS=16 T_MS=10628"
7888.103525601,TX,STATUS
7888.113690151,RX,"STATE STOPPING MODE=DRY ARMED=1 GOAL=0,0 POS=3078,4096 VEL=0,0 TORQUE=1,1 AGE_MS=16 T_MS=10648"
7888.123985849,TX,STATUS
7888.134230658,RX,"STATE STOPPING MODE=DRY ARMED=1 GOAL=0,0 POS=3078,4096 VEL=0,0 TORQUE=1,1 AGE_MS=17 T_MS=10669"
7888.134365195,RX,EVENT STOPPED TORQUE_RETAINED
7888.144593707,TX,STATUS
7888.154780813,RX,"STATE ARMED MODE=DRY ARMED=1 GOAL=0,0 POS=3078,4096 VEL=0,0 TORQUE=1,1 AGE_MS=18 T_MS=10690"
7888.175321413,TX,STOP
7888.185504519,RX,ACK STOP ZERO_REQUESTED
7888.185597536,TX,STATUS
7888.195799142,RX,"STATE STOPPING MODE=DRY ARMED=1 GOAL=0,0 POS=3078,4096 VEL=0,0 TORQUE=1,1 AGE_MS=18 T_MS=10730"
7888.206094655,TX,STATUS
7888.216302223,RX,"STATE STOPPING MODE=DRY ARMED=1 GOAL=0,0 POS=3078,4096 VEL=0,0 TORQUE=1,1 AGE_MS=19 T_MS=10751"
7888.226572495,TX,STATUS
7888.236742823,RX,"STATE STOPPING MODE=DRY ARMED=1 GOAL=0,0 POS=3078,4096 VEL=0,0 TORQUE=1,1 AGE_MS=0 T_MS=10772"
7888.247024855,TX,STATUS
7888.257223794,RX,"STATE STOPPING MODE=DRY ARMED=1 GOAL=0,0 POS=3078,4096 VEL=0,0 TORQUE=1,1 AGE_MS=19 T_MS=10791"
7888.267483417,TX,STATUS
7888.277648375,RX,"STATE STOPPING MODE=DRY ARMED=1 GOAL=0,0 POS=3078,4096 VEL=0,0 TORQUE=1,1 AGE_MS=19 T_MS=10812"
7888.287903795,TX,STATUS
7888.298098364,RX,EVENT STOPPED TORQUE_RETAINED
7888.29816216,RX,"STATE ARMED MODE=DRY ARMED=1 GOAL=0,0 POS=3078,4096 VEL=0,0 TORQUE=1,1 AGE_MS=0 T_MS=10833"
7888.298283881,TX,STOP
7888.308484561,RX,ACK STOP ZERO_REQUESTED
7888.308573561,TX,STATUS
7888.318728944,RX,"STATE STOPPING MODE=DRY ARMED=1 GOAL=0,0 POS=3078,4096 VEL=0,0 TORQUE=1,1 AGE_MS=1 T_MS=10854"
7888.32910779,TX,STATUS
7888.33941458,RX,"STATE STOPPING MODE=DRY ARMED=1 GOAL=0,0 POS=3078,4096 VEL=0,0 TORQUE=1,1 AGE_MS=1 T_MS=10874"
7888.349736741,TX,STATUS
7888.359917087,RX,"STATE STOPPING MODE=DRY ARMED=1 GOAL=0,0 POS=3078,4096 VEL=0,0 TORQUE=1,1 AGE_MS=1 T_MS=10894"
7888.3702206,TX,STATUS
7888.38042365,RX,"STATE STOPPING MODE=DRY ARMED=1 GOAL=0,0 POS=3078,4096 VEL=0,0 TORQUE=1,1 AGE_MS=2 T_MS=10915"
7888.390685755,TX,STATUS
7888.40085175,RX,"STATE STOPPING MODE=DRY ARMED=1 GOAL=0,0 POS=3078,4096 VEL=0,0 TORQUE=1,1 AGE_MS=3 T_MS=10936"
7888.41107517,RX,EVENT STOPPED TORQUE_RETAINED
7888.411160429,TX,STATUS
7888.42135522,RX,"STATE ARMED MODE=DRY ARMED=1 GOAL=0,0 POS=3078,4096 VEL=0,0 TORQUE=1,1 AGE_MS=3 T_MS=10956"
7888.421521663,TX,VEL -0.040000 0.000000
7888.431693751,RX,ACK VEL
7888.462284457,TX,VEL -0.040000 0.000000
7888.47246984,RX,ACK VEL
7888.502995362,TX,VEL -0.040000 0.000000
7888.51320019,RX,ACK VEL
7888.513360189,TX,STATUS
7888.523538183,RX,"STATE ARMED MODE=DRY ARMED=1 GOAL=-2,0 POS=3078,4096 VEL=-2,0 TORQUE=1,1 AGE_MS=5 T_MS=11058"
7888.544145523,TX,STOP
7888.554394721,RX,ACK STOP ZERO_REQUESTED
7888.554492424,TX,STATUS
7888.564647308,RX,"STATE STOPPING MODE=DRY ARMED=1 GOAL=0,0 POS=3078,4096 VEL=0,0 TORQUE=1,1 AGE_MS=7 T_MS=11100"
7888.574945117,TX,STATUS
7888.585151723,RX,"STATE STOPPING MODE=DRY ARMED=1 GOAL=0,0 POS=3078,4096 VEL=0,0 TORQUE=1,1 AGE_MS=6 T_MS=11119"
7888.595418365,TX,STATUS
7888.605583582,RX,"STATE STOPPING MODE=DRY ARMED=1 GOAL=0,0 POS=3078,4096 VEL=0,0 TORQUE=1,1 AGE_MS=6 T_MS=11140"
7888.615839372,TX,STATUS
7888.626089237,RX,"STATE STOPPING MODE=DRY ARMED=1 GOAL=0,0 POS=3078,4096 VEL=0,0 TORQUE=1,1 AGE_MS=7 T_MS=11161"
7888.636367509,TX,STATUS
7888.646535411,RX,"STATE STOPPING MODE=DRY ARMED=1 GOAL=0,0 POS=3078,4096 VEL=0,0 TORQUE=1,1 AGE_MS=8 T_MS=11182"
7888.656759239,RX,EVENT STOPPED TORQUE_RETAINED
7888.656846257,TX,STATUS
7888.667053881,RX,"STATE ARMED MODE=DRY ARMED=1 GOAL=0,0 POS=3078,4096 VEL=0,0 TORQUE=1,1 AGE_MS=7 T_MS=11201"
7888.667195528,TX,STOP
7888.677357449,RX,ACK STOP ZERO_REQUESTED
7888.677460763,TX,STATUS
7888.687616851,RX,"STATE STOPPING MODE=DRY ARMED=1 GOAL=0,0 POS=3078,4096 VEL=0,0 TORQUE=1,1 AGE_MS=8 T_MS=11222"
7888.697925567,TX,STATUS
7888.708138821,RX,"STATE STOPPING MODE=DRY ARMED=1 GOAL=0,0 POS=3078,4096 VEL=0,0 TORQUE=1,1 AGE_MS=9 T_MS=11243"
7888.718405519,TX,STATUS
7888.728574625,RX,"STATE STOPPING MODE=DRY ARMED=1 GOAL=0,0 POS=3078,4096 VEL=0,0 TORQUE=1,1 AGE_MS=10 T_MS=11264"
7888.73883523,TX,STATUS
7888.749056021,RX,"STATE STOPPING MODE=DRY ARMED=1 GOAL=0,0 POS=3078,4096 VEL=0,0 TORQUE=1,1 AGE_MS=8 T_MS=11283"
7888.759322311,TX,STATUS
7888.769489084,RX,"STATE STOPPING MODE=DRY ARMED=1 GOAL=0,0 POS=3078,4096 VEL=0,0 TORQUE=1,1 AGE_MS=9 T_MS=11304"
7888.77971543,RX,EVENT STOPPED TORQUE_RETAINED
7888.779799207,TX,STATUS
7888.78998098,RX,"STATE ARMED MODE=DRY ARMED=1 GOAL=0,0 POS=3078,4096 VEL=0,0 TORQUE=1,1 AGE_MS=10 T_MS=11325"
7888.790137201,TX,STOP
7888.800292714,RX,ACK STOP ZERO_REQUESTED
7888.800387732,TX,STATUS
7888.810545801,RX,"STATE STOPPING MODE=DRY ARMED=1 GOAL=0,0 POS=3078,4096 VEL=0,0 TORQUE=1,1 AGE_MS=11 T_MS=11346"
7888.820867369,TX,STATUS
7888.831130623,RX,"STATE STOPPING MODE=DRY ARMED=1 GOAL=0,0 POS=3078,4096 VEL=0,0 TORQUE=1,1 AGE_MS=11 T_MS=11366"
7888.841446043,TX,STATUS
7888.85162576,RX,"STATE STOPPING MODE=DRY ARMED=1 GOAL=0,0 POS=3078,4096 VEL=0,0 TORQUE=1,1 AGE_MS=11 T_MS=11386"
7888.861891606,TX,STATUS
7888.872090878,RX,"STATE STOPPING MODE=DRY ARMED=1 GOAL=0,0 POS=3078,4096 VEL=0,0 TORQUE=1,1 AGE_MS=12 T_MS=11407"
7888.882354076,TX,STATUS
7888.89251883,RX,"STATE STOPPING MODE=DRY ARMED=1 GOAL=0,0 POS=3078,4096 VEL=0,0 TORQUE=1,1 AGE_MS=12 T_MS=11427"
7888.892626959,RX,EVENT STOPPED TORQUE_RETAINED
7888.902825676,TX,STATUS
7888.913038763,RX,"STATE ARMED MODE=DRY ARMED=1 GOAL=0,0 POS=3078,4096 VEL=0,0 TORQUE=1,1 AGE_MS=13 T_MS=11448"
7888.913176836,TX,STOP
7888.923352868,RX,ACK STOP ZERO_REQUESTED
7888.923444071,TX,STATUS
7888.933603992,RX,"STATE STOPPING MODE=DRY ARMED=1 GOAL=0,0 POS=3078,4096 VEL=0,0 TORQUE=1,1 AGE_MS=13 T_MS=11468"
7888.943879653,TX,STATUS
7888.954130628,RX,"STATE STOPPING MODE=DRY ARMED=1 GOAL=0,0 POS=3078,4096 VEL=0,0 TORQUE=1,1 AGE_MS=14 T_MS=11489"
7888.964416178,TX,STATUS
7888.974585747,RX,"STATE STOPPING MODE=DRY ARMED=1 GOAL=0,0 POS=3078,4096 VEL=0,0 TORQUE=1,1 AGE_MS=14 T_MS=11509"
7888.984849482,TX,STATUS
7888.995077661,RX,"STATE STOPPING MODE=DRY ARMED=1 GOAL=0,0 POS=3078,4096 VEL=0,0 TORQUE=1,1 AGE_MS=15 T_MS=11530"
7889.005378637,TX,STATUS
7889.015558224,RX,"STATE STOPPING MODE=DRY ARMED=1 GOAL=0,0 POS=3078,4096 VEL=0,0 TORQUE=1,1 AGE_MS=16 T_MS=11551"
7889.025821607,TX,STATUS
7889.03606362,RX,"STATE STOPPING MODE=DRY ARMED=1 GOAL=0,0 POS=3078,4096 VEL=0,0 TORQUE=1,1 AGE_MS=15 T_MS=11570"
7889.036188342,RX,EVENT STOPPED TORQUE_RETAINED
7889.046401818,TX,STATUS
7889.056595905,RX,"STATE ARMED MODE=DRY ARMED=1 GOAL=0,0 POS=3078,4096 VEL=0,0 TORQUE=1,1 AGE_MS=16 T_MS=11591"
7889.077087338,TX,STOP
7889.087320407,RX,ACK STOP ZERO_REQUESTED
7889.087417147,TX,STATUS
7889.09757753,RX,"STATE STOPPING MODE=DRY ARMED=1 GOAL=0,0 POS=3078,4096 VEL=0,0 TORQUE=1,1 AGE_MS=18 T_MS=11633"
7889.107857173,TX,STATUS
7889.118086093,RX,"STATE STOPPING MODE=DRY ARMED=1 GOAL=0,0 POS=3078,4096 VEL=0,0 TORQUE=1,1 AGE_MS=17 T_MS=11652"
7889.12837755,TX,STATUS
7889.138558323,RX,"STATE STOPPING MODE=DRY ARMED=1 GOAL=0,0 POS=3078,4096 VEL=0,0 TORQUE=1,1 AGE_MS=18 T_MS=11673"
7889.148823187,TX,STATUS
7889.159053941,RX,"STATE STOPPING MODE=DRY ARMED=1 GOAL=0,0 POS=3078,4096 VEL=0,0 TORQUE=1,1 AGE_MS=19 T_MS=11694"
7889.169324805,TX,STATUS
7889.179504022,RX,"STATE STOPPING MODE=DRY ARMED=1 GOAL=0,0 POS=3078,4096 VEL=0,0 TORQUE=1,1 AGE_MS=0 T_MS=11715"
7889.189784035,TX,STATUS
7889.199991696,RX,"STATE STOPPING MODE=DRY ARMED=1 GOAL=0,0 POS=3078,4096 VEL=0,0 TORQUE=1,1 AGE_MS=19 T_MS=11734"
7889.200132714,RX,EVENT STOPPED TORQUE_RETAINED
7889.210341949,TX,STATUS
7889.220518833,RX,"STATE ARMED MODE=DRY ARMED=1 GOAL=0,0 POS=3078,4096 VEL=0,0 TORQUE=1,1 AGE_MS=0 T_MS=11755"
7889.240975377,TX,VEL -0.040000 0.000000
7889.251219612,RX,ACK VEL
7889.281759152,TX,VEL -0.040000 0.000000
7889.291938499,RX,ACK VEL
7889.312329877,TX,STATUS
7889.322536668,RX,"STATE ARMED MODE=DRY ARMED=1 GOAL=-2,0 POS=3078,4096 VEL=-2,0 TORQUE=1,1 AGE_MS=3 T_MS=11858"
7889.322705667,TX,VEL -0.040000 0.000000
7889.332907587,RX,ACK VEL
7889.363451942,TX,STOP
7889.373654862,RX,ACK STOP ZERO_REQUESTED
7889.373746528,TX,STATUS
7889.383899931,RX,"STATE STOPPING MODE=DRY ARMED=1 GOAL=0,0 POS=3078,4096 VEL=0,0 TORQUE=1,1 AGE_MS=4 T_MS=11919"
7889.394213702,TX,STATUS
7889.404410845,RX,"STATE STOPPING MODE=DRY ARMED=1 GOAL=0,0 POS=3078,4096 VEL=0,0 TORQUE=1,1 AGE_MS=5 T_MS=11940"
7889.414672858,TX,STATUS
7889.424839094,RX,"STATE STOPPING MODE=DRY ARMED=1 GOAL=0,0 POS=3078,4096 VEL=0,0 TORQUE=1,1 AGE_MS=4 T_MS=11959"
7889.435099366,TX,STATUS
7889.445294582,RX,"STATE STOPPING MODE=DRY ARMED=1 GOAL=0,0 POS=3078,4096 VEL=0,0 TORQUE=1,1 AGE_MS=4 T_MS=11980"
7889.455552929,TX,STATUS
7889.465716683,RX,"STATE STOPPING MODE=DRY ARMED=1 GOAL=0,0 POS=3078,4096 VEL=0,0 TORQUE=1,1 AGE_MS=5 T_MS=12001"
7889.475941196,RX,EVENT STOPPED TORQUE_RETAINED
7889.47605301,TX,STATUS
7889.48624806,RX,"STATE ARMED MODE=DRY ARMED=1 GOAL=0,0 POS=3078,4096 VEL=0,0 TORQUE=1,1 AGE_MS=4 T_MS=12020"
7889.486384522,TX,STOP
7889.496538721,RX,ACK STOP ZERO_REQUESTED
7889.496626572,TX,STATUS
7889.506778585,RX,"STATE STOPPING MODE=DRY ARMED=1 GOAL=0,0 POS=3078,4096 VEL=0,0 TORQUE=1,1 AGE_MS=5 T_MS=12041"
7889.517061191,TX,STATUS
7889.527256648,RX,"STATE STOPPING MODE=DRY ARMED=1 GOAL=0,0 POS=3078,4096 VEL=0,0 TORQUE=1,1 AGE_MS=5 T_MS=12062"
7889.537515568,TX,STATUS
7889.54768523,RX,"STATE STOPPING MODE=DRY ARMED=1 GOAL=0,0 POS=3078,4096 VEL=0,0 TORQUE=1,1 AGE_MS=6 T_MS=12083"
7889.557942743,TX,STATUS
7889.56813633,RX,"STATE STOPPING MODE=DRY ARMED=1 GOAL=0,0 POS=3078,4096 VEL=0,0 TORQUE=1,1 AGE_MS=6 T_MS=12103"
7889.578392972,TX,STATUS
7889.588556004,RX,"STATE STOPPING MODE=DRY ARMED=1 GOAL=0,0 POS=3078,4096 VEL=0,0 TORQUE=1,1 AGE_MS=6 T_MS=12123"
7889.598798776,RX,EVENT STOPPED TORQUE_RETAINED
7889.598907146,TX,STATUS
7889.609096863,RX,"STATE ARMED MODE=DRY ARMED=1 GOAL=0,0 POS=3078,4096 VEL=0,0 TORQUE=1,1 AGE_MS=6 T_MS=12144"
7889.609237158,TX,STOP
7889.619440172,RX,ACK STOP ZERO_REQUESTED
7889.619529245,TX,STATUS
7889.629679444,RX,"STATE STOPPING MODE=DRY ARMED=1 GOAL=0,0 POS=3078,4096 VEL=0,0 TORQUE=1,1 AGE_MS=7 T_MS=12165"
7889.639947549,TX,STATUS
7889.650151081,RX,"STATE STOPPING MODE=DRY ARMED=1 GOAL=0,0 POS=3078,4096 VEL=0,0 TORQUE=1,1 AGE_MS=7 T_MS=12185"
7889.660408816,TX,STATUS
7889.670574496,RX,"STATE STOPPING MODE=DRY ARMED=1 GOAL=0,0 POS=3078,4096 VEL=0,0 TORQUE=1,1 AGE_MS=7 T_MS=12205"
7889.680850675,TX,STATUS
7889.691066873,RX,"STATE STOPPING MODE=DRY ARMED=1 GOAL=0,0 POS=3078,4096 VEL=0,0 TORQUE=1,1 AGE_MS=8 T_MS=12226"
7889.701327793,TX,STATUS
7889.711491159,RX,"STATE STOPPING MODE=DRY ARMED=1 GOAL=0,0 POS=3078,4096 VEL=0,0 TORQUE=1,1 AGE_MS=8 T_MS=12246"
7889.721710116,RX,EVENT STOPPED TORQUE_RETAINED
7889.721793727,TX,STATUS
7889.732097184,RX,"STATE ARMED MODE=DRY ARMED=1 GOAL=0,0 POS=3078,4096 VEL=0,0 TORQUE=1,1 AGE_MS=8 T_MS=12266"
7889.732236942,TX,STOP
7889.742390585,RX,ACK STOP ZERO_REQUESTED
7889.742477899,TX,STATUS
7889.752629987,RX,"STATE STOPPING MODE=DRY ARMED=1 GOAL=0,0 POS=3078,4096 VEL=0,0 TORQUE=1,1 AGE_MS=8 T_MS=12287"
7889.762891111,TX,STATUS
7889.77308605,RX,"STATE STOPPING MODE=DRY ARMED=1 GOAL=0,0 POS=3078,4096 VEL=0,0 TORQUE=1,1 AGE_MS=9 T_MS=12308"
7889.783345951,TX,STATUS
7889.793508594,RX,"STATE STOPPING MODE=DRY ARMED=1 GOAL=0,0 POS=3078,4096 VEL=0,0 TORQUE=1,1 AGE_MS=9 T_MS=12328"
7889.803761237,TX,STATUS
7889.814028231,RX,"STATE STOPPING MODE=DRY ARMED=1 GOAL=0,0 POS=3078,4096 VEL=0,0 TORQUE=1,1 AGE_MS=10 T_MS=12349"
7889.824294244,TX,STATUS
7889.834461757,RX,"STATE STOPPING MODE=DRY ARMED=1 GOAL=0,0 POS=3078,4096 VEL=0,0 TORQUE=1,1 AGE_MS=10 T_MS=12369"
7889.844686363,RX,EVENT STOPPED TORQUE_RETAINED
7889.844771399,TX,STATUS
7889.854973801,RX,"STATE ARMED MODE=DRY ARMED=1 GOAL=0,0 POS=3078,4096 VEL=0,0 TORQUE=1,1 AGE_MS=11 T_MS=12390"
7889.855153856,TX,STOP
7889.865309388,RX,ACK STOP ZERO_REQUESTED
7889.865398128,TX,STATUS
7889.875551289,RX,"STATE STOPPING MODE=DRY ARMED=1 GOAL=0,0 POS=3078,4096 VEL=0,0 TORQUE=1,1 AGE_MS=11 T_MS=12410"
7889.885816709,TX,STATUS
7889.896049259,RX,"STATE STOPPING MODE=DRY ARMED=1 GOAL=0,0 POS=3078,4096 VEL=0,0 TORQUE=1,1 AGE_MS=11 T_MS=12431"
7889.90632742,TX,STATUS
7889.916495767,RX,"STATE STOPPING MODE=DRY ARMED=1 GOAL=0,0 POS=3078,4096 VEL=0,0 TORQUE=1,1 AGE_MS=11 T_MS=12451"
7889.926755891,TX,STATUS
7889.936962256,RX,"STATE STOPPING MODE=DRY ARMED=1 GOAL=0,0 POS=3078,4096 VEL=0,0 TORQUE=1,1 AGE_MS=12 T_MS=12472"
7889.947307731,TX,STATUS
7889.957491003,RX,"STATE STOPPING MODE=DRY ARMED=1 GOAL=0,0 POS=3078,4096 VEL=0,0 TORQUE=1,1 AGE_MS=12 T_MS=12492"
7889.957608595,RX,EVENT STOPPED TORQUE_RETAINED
7889.967818534,TX,STATUS
7889.978050307,RX,"STATE ARMED MODE=DRY ARMED=1 GOAL=0,0 POS=3078,4096 VEL=0,0 TORQUE=1,1 AGE_MS=12 T_MS=12512"
7889.97821725,TX,VEL -0.040000 0.000000
7889.9883793,RX,ACK VEL
7890.018921136,TX,VEL -0.040000 0.000000
7890.029102668,RX,ACK VEL
7890.059621301,TX,VEL -0.040000 0.000000
7890.069791981,RX,ACK VEL
7890.069874925,TX,STATUS
7890.080054031,RX,"STATE ARMED MODE=DRY ARMED=1 GOAL=-2,0 POS=3078,4096 VEL=-2,0 TORQUE=1,1 AGE_MS=11 T_MS=12615"
7890.100489427,TX,STOP
7890.110656292,RX,ACK STOP ZERO_REQUESTED
7890.110740662,TX,STATUS
7890.120892287,RX,"STATE STOPPING MODE=DRY ARMED=1 GOAL=0,0 POS=3078,4096 VEL=-2,0 TORQUE=1,1 AGE_MS=15 T_MS=12656"
7890.131166318,TX,STATUS
7890.141357238,RX,"STATE STOPPING MODE=DRY ARMED=1 GOAL=0,0 POS=3078,4096 VEL=0,0 TORQUE=1,1 AGE_MS=15 T_MS=12676"
7890.151635325,TX,STATUS
7890.16180382,RX,"STATE STOPPING MODE=DRY ARMED=1 GOAL=0,0 POS=3078,4096 VEL=0,0 TORQUE=1,1 AGE_MS=15 T_MS=12696"
7890.17208611,TX,STATUS
7890.182301809,RX,"STATE STOPPING MODE=DRY ARMED=1 GOAL=0,0 POS=3078,4096 VEL=0,0 TORQUE=1,1 AGE_MS=15 T_MS=12717"
7890.19255697,TX,STATUS
7890.202720242,RX,"STATE STOPPING MODE=DRY ARMED=1 GOAL=0,0 POS=3078,4096 VEL=0,0 TORQUE=1,1 AGE_MS=16 T_MS=12738"
7890.212974107,TX,STATUS
7890.223213416,RX,"STATE STOPPING MODE=DRY ARMED=1 GOAL=0,0 POS=3078,4096 VEL=0,0 TORQUE=1,1 AGE_MS=16 T_MS=12758"
7890.223323749,RX,EVENT STOPPED TORQUE_RETAINED
7890.233523966,TX,STATUS
7890.243689646,RX,"STATE ARMED MODE=DRY ARMED=1 GOAL=0,0 POS=3078,4096 VEL=0,0 TORQUE=1,1 AGE_MS=16 T_MS=12778"
7890.264194931,TX,STOP
7890.274374999,RX,ACK STOP ZERO_REQUESTED
7890.274467721,TX,STATUS
7890.284625216,RX,"STATE STOPPING MODE=DRY ARMED=1 GOAL=0,0 POS=3078,4096 VEL=0,0 TORQUE=1,1 AGE_MS=17 T_MS=12819"
7890.294907543,TX,STATUS
7890.305113686,RX,"STATE STOPPING MODE=DRY ARMED=1 GOAL=0,0 POS=3078,4096 VEL=0,0 TORQUE=1,1 AGE_MS=18 T_MS=12840"
7890.315382903,TX,STATUS
7890.325550342,RX,"STATE STOPPING MODE=DRY ARMED=1 GOAL=0,0 POS=3078,4096 VEL=0,0 TORQUE=1,1 AGE_MS=18 T_MS=12860"
7890.335813466,TX,STATUS
7890.346036608,RX,"STATE STOPPING MODE=DRY ARMED=1 GOAL=0,0 POS=3078,4096 VEL=0,0 TORQUE=1,1 AGE_MS=19 T_MS=12881"
7890.356304491,TX,STATUS
7890.366529078,RX,"STATE STOPPING MODE=DRY ARMED=1 GOAL=0,0 POS=3078,4096 VEL=0,0 TORQUE=1,1 AGE_MS=19 T_MS=12901"
7890.376792165,TX,STATUS
7890.386990586,RX,EVENT STOPPED TORQUE_RETAINED
7890.387080937,RX,"STATE ARMED MODE=DRY ARMED=1 GOAL=0,0 POS=3078,4096 VEL=0,0 TORQUE=1,1 AGE_MS=0 T_MS=12922"
7890.387205677,TX,STOP
7890.397407079,RX,ACK STOP ZERO_REQUESTED
7890.397497819,TX,STATUS
7890.407651518,RX,"STATE STOPPING MODE=DRY ARMED=1 GOAL=0,0 POS=3078,4096 VEL=0,0 TORQUE=1,1 AGE_MS=1 T_MS=12943"
7890.417917457,TX,STATUS
7890.428112877,RX,"STATE STOPPING MODE=DRY ARMED=1 GOAL=0,0 POS=3078,4096 VEL=0,0 TORQUE=1,1 AGE_MS=0 T_MS=12962"
7890.438372205,TX,STATUS
7890.448535329,RX,"STATE STOPPING MODE=DRY ARMED=1 GOAL=0,0 POS=3078,4096 VEL=0,0 TORQUE=1,1 AGE_MS=1 T_MS=12983"
7890.458790194,TX,STATUS
7890.468983263,RX,"STATE STOPPING MODE=DRY ARMED=1 GOAL=0,0 POS=3078,4096 VEL=0,0 TORQUE=1,1 AGE_MS=2 T_MS=13004"
7890.479315571,TX,STATUS
7890.489485548,RX,"STATE STOPPING MODE=DRY ARMED=1 GOAL=0,0 POS=3078,4096 VEL=0,0 TORQUE=1,1 AGE_MS=2 T_MS=13024"
7890.499712413,RX,EVENT STOPPED TORQUE_RETAINED
7890.499798764,TX,STATUS
7890.509978962,RX,"STATE ARMED MODE=DRY ARMED=1 GOAL=0,0 POS=3078,4096 VEL=0,0 TORQUE=1,1 AGE_MS=2 T_MS=13044"
7890.510137109,TX,STOP
7890.520349289,RX,ACK STOP ZERO_REQUESTED
7890.520452381,TX,STATUS
7890.530648598,RX,"STATE STOPPING MODE=DRY ARMED=1 GOAL=0,0 POS=3078,4096 VEL=0,0 TORQUE=1,1 AGE_MS=3 T_MS=13065"
7890.540912315,TX,STATUS
7890.551107198,RX,"STATE STOPPING MODE=DRY ARMED=1 GOAL=0,0 POS=3078,4096 VEL=0,0 TORQUE=1,1 AGE_MS=4 T_MS=13086"
7890.561360766,TX,STATUS
7890.571523465,RX,"STATE STOPPING MODE=DRY ARMED=1 GOAL=0,0 POS=3078,4096 VEL=0,0 TORQUE=1,1 AGE_MS=5 T_MS=13107"
7890.58181757,TX,STATUS
7890.592094509,RX,"STATE STOPPING MODE=DRY ARMED=1 GOAL=0,0 POS=3078,4096 VEL=0,0 TORQUE=1,1 AGE_MS=4 T_MS=13126"
7890.602404262,TX,STATUS
7890.612577312,RX,"STATE STOPPING MODE=DRY ARMED=1 GOAL=0,0 POS=3078,4096 VEL=0,0 TORQUE=1,1 AGE_MS=5 T_MS=13147"
7890.622804733,RX,EVENT STOPPED TORQUE_RETAINED
7890.622890325,TX,STATUS
7890.633092801,RX,"STATE ARMED MODE=DRY ARMED=1 GOAL=0,0 POS=3078,4096 VEL=0,0 TORQUE=1,1 AGE_MS=6 T_MS=13168"
7890.633229133,TX,STOP
7890.643395388,RX,ACK STOP ZERO_REQUESTED
7890.643481813,TX,STATUS
7890.653639752,RX,"STATE STOPPING MODE=DRY ARMED=1 GOAL=0,0 POS=3078,4096 VEL=0,0 TORQUE=1,1 AGE_MS=7 T_MS=13189"
7890.663932357,TX,STATUS
7890.674138111,RX,"STATE STOPPING MODE=DRY ARMED=1 GOAL=0,0 POS=3078,4096 VEL=0,0 TORQUE=1,1 AGE_MS=7 T_MS=13209"
7890.684427513,TX,STATUS
7890.694627804,RX,"STATE STOPPING MODE=DRY ARMED=1 GOAL=0,0 POS=3078,4096 VEL=0,0 TORQUE=1,1 AGE_MS=7 T_MS=13229"
7890.704902798,TX,STATUS
7890.71511357,RX,"STATE STOPPING MODE=DRY ARMED=1 GOAL=0,0 POS=3078,4096 VEL=0,0 TORQUE=1,1 AGE_MS=8 T_MS=13250"
7890.725378657,TX,STATUS
7890.735552744,RX,"STATE STOPPING MODE=DRY ARMED=1 GOAL=0,0 POS=3078,4096 VEL=0,0 TORQUE=1,1 AGE_MS=8 T_MS=13270"
7890.745835424,RX,EVENT STOPPED TORQUE_RETAINED
7890.745922849,TX,STATUS
7890.756113566,RX,"STATE ARMED MODE=DRY ARMED=1 GOAL=0,0 POS=3078,4096 VEL=0,0 TORQUE=1,1 AGE_MS=9 T_MS=13291"
7890.756282084,TX,VEL -0.040000 0.000000
7890.766444578,RX,ACK VEL
7890.79697584,TX,VEL -0.040000 0.000000
7890.807176798,RX,ACK VEL
7890.837702801,TX,VEL -0.040000 0.000000
7890.847875555,RX,ACK VEL
7890.847963573,TX,STATUS
7890.858140568,RX,"STATE ARMED MODE=DRY ARMED=1 GOAL=-2,0 POS=3078,4096 VEL=-2,0 TORQUE=1,1 AGE_MS=10 T_MS=13393"
7890.878579686,TX,STOP
7890.888744181,RX,ACK STOP ZERO_REQUESTED
7890.888831977,TX,STATUS
7890.898985842,RX,"STATE STOPPING MODE=DRY ARMED=1 GOAL=0,0 POS=3078,4096 VEL=-2,0 TORQUE=1,1 AGE_MS=10 T_MS=13433"
7890.909277799,TX,STATUS
7890.919530571,RX,"STATE STOPPING MODE=DRY ARMED=1 GOAL=0,0 POS=3078,4096 VEL=0,0 TORQUE=1,1 AGE_MS=11 T_MS=13454"
7890.929803436,TX,STATUS
7890.939970912,RX,"STATE STOPPING MODE=DRY ARMED=1 GOAL=0,0 POS=3078,4096 VEL=0,0 TORQUE=1,1 AGE_MS=12 T_MS=13475"
7890.950255388,TX,STATUS
7890.960446586,RX,"STATE STOPPING MODE=DRY ARMED=1 GOAL=0,0 POS=3078,4096 VEL=0,0 TORQUE=1,1 AGE_MS=12 T_MS=13495"
7890.970804913,TX,STATUS
7890.980980889,RX,"STATE STOPPING MODE=DRY ARMED=1 GOAL=0,0 POS=3078,4096 VEL=0,0 TORQUE=1,1 AGE_MS=12 T_MS=13515"
7890.981121796,RX,EVENT STOPPED TORQUE_RETAINED
7890.991348087,TX,STATUS
7891.001581063,RX,"STATE ARMED MODE=DRY ARMED=1 GOAL=0,0 POS=3078,4096 VEL=0,0 TORQUE=1,1 AGE_MS=13 T_MS=13536"
7891.001732877,TX,STOP
7891.011891946,RX,ACK STOP ZERO_REQUESTED
7891.011992704,TX,STATUS
7891.022199125,RX,"STATE STOPPING MODE=DRY ARMED=1 GOAL=0,0 POS=3078,4096 VEL=0,0 TORQUE=1,1 AGE_MS=13 T_MS=13557"
7891.032493378,TX,STATUS
7891.042705965,RX,"STATE STOPPING MODE=DRY ARMED=1 GOAL=0,0 POS=3078,4096 VEL=0,0 TORQUE=1,1 AGE_MS=14 T_MS=13578"
7891.052979422,TX,STATUS
7891.06317188,RX,"STATE STOPPING MODE=DRY ARMED=1 GOAL=0,0 POS=3078,4096 VEL=0,0 TORQUE=1,1 AGE_MS=14 T_MS=13598"
7891.0734318,TX,STATUS
7891.083665498,RX,"STATE STOPPING MODE=DRY ARMED=1 GOAL=0,0 POS=3078,4096 VEL=0,0 TORQUE=1,1 AGE_MS=14 T_MS=13618"
7891.093952326,TX,STATUS
7891.104156913,RX,"STATE STOPPING MODE=DRY ARMED=1 GOAL=0,0 POS=3078,4096 VEL=0,0 TORQUE=1,1 AGE_MS=14 T_MS=13639"
7891.114434111,TX,STATUS
7891.124638254,RX,"STATE STOPPING MODE=DRY ARMED=1 GOAL=0,0 POS=3078,4096 VEL=0,0 TORQUE=1,1 AGE_MS=15 T_MS=13660"
7891.124750197,RX,EVENT STOPPED TORQUE_RETAINED
7891.134954118,TX,STATUS
7891.14517289,RX,"STATE ARMED MODE=DRY ARMED=1 GOAL=0,0 POS=3078,4096 VEL=0,0 TORQUE=1,1 AGE_MS=15 T_MS=13680"
7891.165610842,TX,STOP
7891.175809911,RX,ACK STOP ZERO_REQUESTED
7891.175903281,TX,STATUS
7891.186059905,RX,"STATE STOPPING MODE=DRY ARMED=1 GOAL=0,0 POS=3078,4096 VEL=0,0 TORQUE=1,1 AGE_MS=16 T_MS=13721"
7891.196326214,TX,STATUS
7891.206543783,RX,"STATE STOPPING MODE=DRY ARMED=1 GOAL=0,0 POS=3078,4096 VEL=0,0 TORQUE=1,1 AGE_MS=16 T_MS=13741"
7891.216823388,TX,STATUS
7891.226994068,RX,"STATE STOPPING MODE=DRY ARMED=1 GOAL=0,0 POS=3078,4096 VEL=0,0 TORQUE=1,1 AGE_MS=16 T_MS=13761"
7891.237280025,TX,STATUS
7891.247532316,RX,"STATE STOPPING MODE=DRY ARMED=1 GOAL=0,0 POS=3078,4096 VEL=0,0 TORQUE=1,1 AGE_MS=16 T_MS=13782"
7891.257798255,TX,STATUS
7891.267967472,RX,"STATE STOPPING MODE=DRY ARMED=1 GOAL=0,0 POS=3078,4096 VEL=0,0 TORQUE=1,1 AGE_MS=17 T_MS=13803"
7891.278255244,TX,STATUS
7891.288455072,RX,"STATE STOPPING MODE=DRY ARMED=1 GOAL=0,0 POS=3078,4096 VEL=0,0 TORQUE=1,1 AGE_MS=18 T_MS=13824"
7891.28856809,RX,EVENT STOPPED TORQUE_RETAINED
7891.298786751,TX,STATUS
7891.308967468,RX,"STATE ARMED MODE=DRY ARMED=1 GOAL=0,0 POS=3078,4096 VEL=0,0 TORQUE=1,1 AGE_MS=17 T_MS=13843"
7891.329471956,TX,STOP
7891.339642933,RX,ACK STOP ZERO_REQUESTED
7891.339732858,TX,STATUS
7891.349884668,RX,"STATE STOPPING MODE=DRY ARMED=1 GOAL=0,0 POS=3078,4096 VEL=0,0 TORQUE=1,1 AGE_MS=19 T_MS=13885"
7891.360147106,TX,STATUS
7891.370345101,RX,"STATE STOPPING MODE=DRY ARMED=1 GOAL=0,0 POS=3078,4096 VEL=0,0 TORQUE=1,1 AGE_MS=19 T_MS=13905"
7891.380606669,TX,STATUS
7891.390774127,RX,"STATE STOPPING MODE=DRY ARMED=1 GOAL=0,0 POS=3078,4096 VEL=0,0 TORQUE=1,1 AGE_MS=18 T_MS=13925"
7891.401083566,TX,STATUS
7891.411343893,RX,"STATE STOPPING MODE=DRY ARMED=1 GOAL=0,0 POS=3078,4096 VEL=0,0 TORQUE=1,1 AGE_MS=19 T_MS=13946"
7891.42162298,TX,STATUS
7891.43181016,RX,"STATE STOPPING MODE=DRY ARMED=1 GOAL=0,0 POS=3078,4096 VEL=0,0 TORQUE=1,1 AGE_MS=0 T_MS=13967"
7891.442096599,TX,STATUS
7891.452301575,RX,EVENT STOPPED TORQUE_RETAINED
7891.4523675,RX,"STATE ARMED MODE=DRY ARMED=1 GOAL=0,0 POS=3078,4096 VEL=0,0 TORQUE=1,1 AGE_MS=0 T_MS=13987"
7891.452518666,TX,VEL -0.040000 0.000000
7891.462729901,RX,ACK VEL
7891.493316311,TX,VEL -0.040000 0.000000
7891.503494195,RX,ACK VEL
7891.534085845,TX,VEL -0.040000 0.000000
7891.544270859,RX,ACK VEL
7891.54435808,TX,STATUS
7891.554518612,RX,"STATE ARMED MODE=DRY ARMED=1 GOAL=-2,0 POS=3078,4096 VEL=-2,0 TORQUE=1,1 AGE_MS=2 T_MS=14089"
7891.574957249,TX,STOP
7891.585160244,RX,ACK STOP ZERO_REQUESTED
7891.585251595,TX,STATUS
7891.595405535,RX,"STATE STOPPING MODE=DRY ARMED=1 GOAL=0,0 POS=3078,4096 VEL=0,0 TORQUE=1,1 AGE_MS=2 T_MS=14130"
7891.605693362,TX,STATUS
7891.615911375,RX,"STATE STOPPING MODE=DRY ARMED=1 GOAL=0,0 POS=3078,4096 VEL=0,0 TORQUE=1,1 AGE_MS=2 T_MS=14150"
7891.626269999,TX,STATUS
7891.636460067,RX,"STATE STOPPING MODE=DRY ARMED=1 GOAL=0,0 POS=3078,4096 VEL=0,0 TORQUE=1,1 AGE_MS=3 T_MS=14171"
7891.646717025,TX,STATUS
7891.656912112,RX,"STATE STOPPING MODE=DRY ARMED=1 GOAL=0,0 POS=3078,4096 VEL=0,0 TORQUE=1,1 AGE_MS=4 T_MS=14192"
7891.667211476,TX,STATUS
7891.677379971,RX,"STATE STOPPING MODE=DRY ARMED=1 GOAL=0,0 POS=3078,4096 VEL=0,0 TORQUE=1,1 AGE_MS=4 T_MS=14212"
7891.687609484,RX,EVENT STOPPED TORQUE_RETAINED
7891.68769565,TX,STATUS
7891.697879571,RX,"STATE ARMED MODE=DRY ARMED=1 GOAL=0,0 POS=3078,4096 VEL=0,0 TORQUE=1,1 AGE_MS=4 T_MS=14232"
7891.698040885,TX,STOP
7891.708208731,RX,ACK STOP ZERO_REQUESTED
7891.708302694,TX,STATUS
7891.718478281,RX,"STATE STOPPING MODE=DRY ARMED=1 GOAL=0,0 POS=3078,4096 VEL=0,0 TORQUE=1,1 AGE_MS=4 T_MS=14253"
7891.728775349,TX,STATUS
7891.738974159,RX,"STATE STOPPING MODE=DRY ARMED=1 GOAL=0,0 POS=3078,4096 VEL=0,0 TORQUE=1,1 AGE_MS=5 T_MS=14274"
7891.749272949,TX,STATUS
7891.759440759,RX,"STATE STOPPING MODE=DRY ARMED=1 GOAL=0,0 POS=3078,4096 VEL=0,0 TORQUE=1,1 AGE_MS=5 T_MS=14294"
7891.769748068,TX,STATUS
7891.77994684,RX,"STATE STOPPING MODE=DRY ARMED=1 GOAL=0,0 POS=3078,4096 VEL=0,0 TORQUE=1,1 AGE_MS=5 T_MS=14314"
7891.790230112,TX,STATUS
7891.800443977,RX,"STATE STOPPING MODE=DRY ARMED=1 GOAL=0,0 POS=3078,4096 VEL=0,0 TORQUE=1,1 AGE_MS=6 T_MS=14335"
7891.810697471,RX,EVENT STOPPED TORQUE_RETAINED
7891.810821841,TX,STATUS
7891.821048891,RX,"STATE ARMED MODE=DRY ARMED=1 GOAL=0,0 POS=3078,4096 VEL=0,0 TORQUE=1,1 AGE_MS=7 T_MS=14356"
7891.821202668,TX,STOP
7891.831362385,RX,ACK STOP ZERO_REQUESTED
7891.831459773,TX,STATUS
7891.84162312,RX,"STATE STOPPING MODE=DRY ARMED=1 GOAL=0,0 POS=3078,4096 VEL=0,0 TORQUE=1,1 AGE_MS=7 T_MS=14376"
7891.851914244,TX,STATUS
7891.862141145,RX,"STATE STOPPING MODE=DRY ARMED=1 GOAL=0,0 POS=3078,4096 VEL=0,0 TORQUE=1,1 AGE_MS=8 T_MS=14397"
7891.872407936,TX,STATUS
7891.882577116,RX,"STATE STOPPING MODE=DRY ARMED=1 GOAL=0,0 POS=3078,4096 VEL=0,0 TORQUE=1,1 AGE_MS=8 T_MS=14417"
7891.892841073,TX,STATUS
7891.903062846,RX,"STATE STOPPING MODE=DRY ARMED=1 GOAL=0,0 POS=3078,4096 VEL=0,0 TORQUE=1,1 AGE_MS=9 T_MS=14438"
7891.913331543,TX,STATUS
7891.923499631,RX,"STATE STOPPING MODE=DRY ARMED=1 GOAL=0,0 POS=3078,4096 VEL=0,0 TORQUE=1,1 AGE_MS=9 T_MS=14458"
7891.933725699,RX,EVENT STOPPED TORQUE_RETAINED
7891.933810551,TX,STATUS
7891.94399412,RX,"STATE ARMED MODE=DRY ARMED=1 GOAL=0,0 POS=3078,4096 VEL=0,0 TORQUE=1,1 AGE_MS=10 T_MS=14479"
7891.944156063,TX,STOP
7891.954330558,RX,ACK STOP ZERO_REQUESTED
7891.954435224,TX,STATUS
7891.964594219,RX,"STATE STOPPING MODE=DRY ARMED=1 GOAL=0,0 POS=3078,4096 VEL=0,0 TORQUE=1,1 AGE_MS=10 T_MS=14499"
7891.974863454,TX,STATUS
7891.985086485,RX,"STATE STOPPING MODE=DRY ARMED=1 GOAL=0,0 POS=3078,4096 VEL=0,0 TORQUE=1,1 AGE_MS=11 T_MS=14520"
7891.995350998,TX,STATUS
7892.005526048,RX,"STATE STOPPING MODE=DRY ARMED=1 GOAL=0,0 POS=3078,4096 VEL=0,0 TORQUE=1,1 AGE_MS=11 T_MS=14540"
7892.015788858,TX,STATUS
7892.026037648,RX,"STATE STOPPING MODE=DRY ARMED=1 GOAL=0,0 POS=3078,4096 VEL=0,0 TORQUE=1,1 AGE_MS=12 T_MS=14561"
7892.036350031,TX,STATUS
7892.046532489,RX,"STATE STOPPING MODE=DRY ARMED=1 GOAL=0,0 POS=3078,4096 VEL=0,0 TORQUE=1,1 AGE_MS=13 T_MS=14582"
7892.046651988,RX,EVENT STOPPED TORQUE_RETAINED
7892.056858075,TX,STATUS
7892.067086829,RX,"STATE ARMED MODE=DRY ARMED=1 GOAL=0,0 POS=3078,4096 VEL=0,0 TORQUE=1,1 AGE_MS=12 T_MS=14601"
7892.067230106,TX,STOP
7892.077385082,RX,ACK STOP ZERO_REQUESTED
7892.077477656,TX,STATUS
7892.087639892,RX,"STATE STOPPING MODE=DRY ARMED=1 GOAL=0,0 POS=3078,4096 VEL=0,0 TORQUE=1,1 AGE_MS=13 T_MS=14622"
7892.097919645,TX,STATUS
7892.108122288,RX,"STATE STOPPING MODE=DRY ARMED=1 GOAL=0,0 POS=3078,4096 VEL=0,0 TORQUE=1,1 AGE_MS=14 T_MS=14643"
7892.118400189,TX,STATUS
7892.128580629,RX,"STATE STOPPING MODE=DRY ARMED=1 GOAL=0,0 POS=3078,4096 VEL=0,0 TORQUE=1,1 AGE_MS=15 T_MS=14664"
7892.138897567,TX,STATUS
7892.149115302,RX,"STATE STOPPING MODE=DRY ARMED=1 GOAL=0,0 POS=3078,4096 VEL=0,0 TORQUE=1,1 AGE_MS=15 T_MS=14684"
7892.159456815,TX,STATUS
7892.169630828,RX,"STATE STOPPING MODE=DRY ARMED=1 GOAL=0,0 POS=3078,4096 VEL=0,0 TORQUE=1,1 AGE_MS=15 T_MS=14704"
7892.179900711,TX,STATUS
7892.190107946,RX,"STATE STOPPING MODE=DRY ARMED=1 GOAL=0,0 POS=3078,4096 VEL=0,0 TORQUE=1,1 AGE_MS=16 T_MS=14725"
7892.190220298,RX,EVENT STOPPED TORQUE_RETAINED
7892.200432496,TX,STATUS
7892.210618898,RX,"STATE ARMED MODE=DRY ARMED=1 GOAL=0,0 POS=3078,4096 VEL=0,0 TORQUE=1,1 AGE_MS=16 T_MS=14745"
7892.231168886,TX,VEL -0.040000 0.000000
7892.2413794,RX,ACK VEL
7892.271991717,TX,VEL -0.040000 0.000000
7892.282206711,RX,ACK VEL
7892.302621867,TX,STATUS
7892.312847251,RX,"STATE ARMED MODE=DRY ARMED=1 GOAL=-2,0 POS=3078,4096 VEL=-2,0 TORQUE=1,1 AGE_MS=19 T_MS=14848"
7892.31305812,TX,VEL -0.040000 0.000000
7892.323237855,RX,ACK VEL
7892.353741358,TX,STOP
7892.363913335,RX,ACK STOP ZERO_REQUESTED
7892.364029408,TX,STATUS
7892.374202847,RX,"STATE STOPPING MODE=DRY ARMED=1 GOAL=0,0 POS=3078,4096 VEL=0,0 TORQUE=1,1 AGE_MS=0 T_MS=14909"
7892.384506952,TX,STATUS
7892.394712095,RX,"STATE STOPPING MODE=DRY ARMED=1 GOAL=0,0 POS=3078,4096 VEL=0,0 TORQUE=1,1 AGE_MS=1 T_MS=14930"
7892.404977071,TX,STATUS
7892.415169584,RX,"STATE STOPPING MODE=DRY ARMED=1 GOAL=0,0 POS=3078,4096 VEL=0,0 TORQUE=1,1 AGE_MS=0 T_MS=14950"
7892.425428078,TX,STATUS
7892.435621351,RX,"STATE STOPPING MODE=DRY ARMED=1 GOAL=0,0 POS=3078,4096 VEL=0,0 TORQUE=1,1 AGE_MS=0 T_MS=14970"
7892.445880734,TX,STATUS
7892.456065303,RX,"STATE STOPPING MODE=DRY ARMED=1 GOAL=0,0 POS=3078,4096 VEL=0,0 TORQUE=1,1 AGE_MS=1 T_MS=14991"
7892.466287371,RX,EVENT STOPPED TORQUE_RETAINED
7892.466372334,TX,STATUS
7892.476553366,RX,"STATE ARMED MODE=DRY ARMED=1 GOAL=0,0 POS=3078,4096 VEL=0,0 TORQUE=1,1 AGE_MS=2 T_MS=15012"
7892.476687921,TX,STOP
7892.486840804,RX,ACK STOP ZERO_REQUESTED
7892.486932822,TX,STATUS
7892.497090614,RX,"STATE STOPPING MODE=DRY ARMED=1 GOAL=0,0 POS=3078,4096 VEL=0,0 TORQUE=1,1 AGE_MS=1 T_MS=15031"
7892.5073762,TX,STATUS
7892.517639861,RX,"STATE STOPPING MODE=DRY ARMED=1 GOAL=0,0 POS=3078,4096 VEL=0,0 TORQUE=1,1 AGE_MS=2 T_MS=15052"
7892.527919244,TX,STATUS
7892.538090202,RX,"STATE STOPPING MODE=DRY ARMED=1 GOAL=0,0 POS=3078,4096 VEL=0,0 TORQUE=1,1 AGE_MS=3 T_MS=15073"
7892.548351307,TX,STATUS
7892.55854545,RX,"STATE STOPPING MODE=DRY ARMED=1 GOAL=0,0 POS=3078,4096 VEL=0,0 TORQUE=1,1 AGE_MS=4 T_MS=15094"
7892.568801426,TX,STATUS
7892.578966384,RX,"STATE STOPPING MODE=DRY ARMED=1 GOAL=0,0 POS=3078,4096 VEL=0,0 TORQUE=1,1 AGE_MS=3 T_MS=15113"
7892.589218119,RX,EVENT STOPPED TORQUE_RETAINED
7892.589302581,TX,STATUS
7892.599532409,RX,"STATE ARMED MODE=DRY ARMED=1 GOAL=0,0 POS=3078,4096 VEL=0,0 TORQUE=1,1 AGE_MS=4 T_MS=15134"
7892.599669705,TX,STOP
7892.609823496,RX,ACK STOP ZERO_REQUESTED
7892.60991057,TX,STATUS
7892.620060879,RX,"STATE STOPPING MODE=DRY ARMED=1 GOAL=0,0 POS=3078,4096 VEL=0,0 TORQUE=1,1 AGE_MS=5 T_MS=15155"
7892.630320392,TX,STATUS
7892.640518239,RX,"STATE STOPPING MODE=DRY ARMED=1 GOAL=0,0 POS=3078,4096 VEL=0,0 TORQUE=1,1 AGE_MS=6 T_MS=15176"
7892.650821788,TX,STATUS
7892.660988894,RX,"STATE STOPPING MODE=DRY ARMED=1 GOAL=0,0 POS=3078,4096 VEL=0,0 TORQUE=1,1 AGE_MS=5 T_MS=15195"
7892.671271703,TX,STATUS
7892.681470346,RX,"STATE STOPPING MODE=DRY ARMED=1 GOAL=0,0 POS=3078,4096 VEL=0,0 TORQUE=1,1 AGE_MS=5 T_MS=15216"
7892.691748118,TX,STATUS
7892.701917854,RX,"STATE STOPPING MODE=DRY ARMED=1 GOAL=0,0 POS=3078,4096 VEL=0,0 TORQUE=1,1 AGE_MS=6 T_MS=15237"
7892.712174829,RX,EVENT STOPPED TORQUE_RETAINED
7892.712269699,TX,STATUS
7892.72246862,RX,"STATE ARMED MODE=DRY ARMED=1 GOAL=0,0 POS=3078,4096 VEL=0,0 TORQUE=1,1 AGE_MS=6 T_MS=15257"
7892.72262673,TX,STOP
7892.732812021,RX,ACK STOP ZERO_REQUESTED
7892.73290802,TX,STATUS
7892.74306496,RX,"STATE STOPPING MODE=DRY ARMED=1 GOAL=0,0 POS=3078,4096 VEL=0,0 TORQUE=1,1 AGE_MS=7 T_MS=15278"
7892.753338028,TX,STATUS
7892.763539782,RX,"STATE STOPPING MODE=DRY ARMED=1 GOAL=0,0 POS=3078,4096 VEL=0,0 TORQUE=1,1 AGE_MS=7 T_MS=15298"
7892.773800406,TX,STATUS
7892.784038604,RX,"STATE STOPPING MODE=DRY ARMED=1 GOAL=0,0 POS=3078,4096 VEL=0,0 TORQUE=1,1 AGE_MS=7 T_MS=15318"
7892.794361153,TX,STATUS
7892.804561093,RX,"STATE STOPPING MODE=DRY ARMED=1 GOAL=0,0 POS=3078,4096 VEL=0,0 TORQUE=1,1 AGE_MS=8 T_MS=15339"
7892.81482155,TX,STATUS
7892.824985859,RX,"STATE STOPPING MODE=DRY ARMED=1 GOAL=0,0 POS=3078,4096 VEL=0,0 TORQUE=1,1 AGE_MS=9 T_MS=15360"
7892.835232706,RX,EVENT STOPPED TORQUE_RETAINED
7892.83531965,TX,STATUS
7892.845500274,RX,"STATE ARMED MODE=DRY ARMED=1 GOAL=0,0 POS=3078,4096 VEL=0,0 TORQUE=1,1 AGE_MS=9 T_MS=15380"
7892.845634718,TX,STOP
7892.855786824,RX,ACK STOP ZERO_REQUESTED
7892.855872323,TX,STATUS
7892.866049022,RX,"STATE STOPPING MODE=DRY ARMED=1 GOAL=0,0 POS=3078,4096 VEL=0,0 TORQUE=1,1 AGE_MS=9 T_MS=15400"
7892.876305572,TX,STATUS
7892.886497196,RX,"STATE STOPPING MODE=DRY ARMED=1 GOAL=0,0 POS=3078,4096 VEL=0,0 TORQUE=1,1 AGE_MS=10 T_MS=15421"
7892.896754264,TX,STATUS
7892.906917648,RX,"STATE STOPPING MODE=DRY ARMED=1 GOAL=0,0 POS=3078,4096 VEL=0,0 TORQUE=1,1 AGE_MS=11 T_MS=15442"
7892.917209438,TX,STATUS
7892.927411026,RX,"STATE STOPPING MODE=DRY ARMED=1 GOAL=0,0 POS=3078,4096 VEL=0,0 TORQUE=1,1 AGE_MS=11 T_MS=15462"
7892.937673372,TX,STATUS
7892.947843681,RX,"STATE STOPPING MODE=DRY ARMED=1 GOAL=0,0 POS=3078,4096 VEL=0,0 TORQUE=1,1 AGE_MS=11 T_MS=15482"
7892.947953514,RX,EVENT STOPPED TORQUE_RETAINED
7892.958191546,TX,STATUS
7892.968398929,RX,"STATE ARMED MODE=DRY ARMED=1 GOAL=0,0 POS=3078,4096 VEL=0,0 TORQUE=1,1 AGE_MS=12 T_MS=15503"
7892.968564947,TX,VEL -0.040000 0.000000
7892.978729904,RX,ACK VEL
7893.009305981,TX,VEL -0.040000 0.000000
7893.019499031,RX,ACK VEL
7893.050047979,TX,VEL -0.040000 0.000000
7893.060223233,RX,ACK VEL
7893.060308455,TX,STATUS
7893.070469042,RX,"STATE ARMED MODE=DRY ARMED=1 GOAL=-2,0 POS=3078,4096 VEL=-2,0 TORQUE=1,1 AGE_MS=10 T_MS=15605"
7893.090913753,TX,STOP
7893.101086156,RX,ACK STOP ZERO_REQUESTED
7893.101173525,TX,STATUS
7893.11132552,RX,"STATE STOPPING MODE=DRY ARMED=1 GOAL=0,0 POS=3078,4096 VEL=-2,0 TORQUE=1,1 AGE_MS=14 T_MS=15646"
7893.121644848,TX,STATUS
7893.131844546,RX,"STATE STOPPING MODE=DRY ARMED=1 GOAL=0,0 POS=3078,4096 VEL=0,0 TORQUE=1,1 AGE_MS=15 T_MS=15667"
7893.142108559,TX,STATUS
7893.152274146,RX,"STATE STOPPING MODE=DRY ARMED=1 GOAL=0,0 POS=3078,4096 VEL=0,0 TORQUE=1,1 AGE_MS=15 T_MS=15687"
7893.162526548,TX,STATUS
7893.172720432,RX,"STATE STOPPING MODE=DRY ARMED=1 GOAL=0,0 POS=3078,4096 VEL=0,0 TORQUE=1,1 AGE_MS=15 T_MS=15707"
7893.182973296,TX,STATUS
7893.193160736,RX,"STATE STOPPING MODE=DRY ARMED=1 GOAL=0,0 POS=3078,4096 VEL=0,0 TORQUE=1,1 AGE_MS=16 T_MS=15728"
7893.203468563,TX,STATUS
7893.213664872,RX,"STATE STOPPING MODE=DRY ARMED=1 GOAL=0,0 POS=3078,4096 VEL=0,0 TORQUE=1,1 AGE_MS=17 T_MS=15749"
7893.213776187,RX,EVENT STOPPED TORQUE_RETAINED
7893.223979033,TX,STATUS
7893.234174102,RX,"STATE ARMED MODE=DRY ARMED=1 GOAL=0,0 POS=3078,4096 VEL=0,0 TORQUE=1,1 AGE_MS=16 T_MS=15768"
7893.254613702,TX,STOP
7893.264787864,RX,ACK STOP ZERO_REQUESTED
7893.264877993,TX,STATUS
7893.275053839,RX,"STATE STOPPING MODE=DRY ARMED=1 GOAL=0,0 POS=3078,4096 VEL=0,0 TORQUE=1,1 AGE_MS=17 T_MS=15810"
7893.285366037,TX,STATUS
7893.295563791,RX,"STATE STOPPING MODE=DRY ARMED=1 GOAL=0,0 POS=3078,4096 VEL=0,0 TORQUE=1,1 AGE_MS=18 T_MS=15831"
7893.305821582,TX,STATUS
7893.315985854,RX,"STATE STOPPING MODE=DRY ARMED=1 GOAL=0,0 POS=3078,4096 VEL=0,0 TORQUE=1,1 AGE_MS=17 T_MS=15850"
7893.326263589,TX,STATUS
7893.336456139,RX,"STATE STOPPING MODE=DRY ARMED=1 GOAL=0,0 POS=3078,4096 VEL=0,0 TORQUE=1,1 AGE_MS=18 T_MS=15871"
7893.346715986,TX,STATUS
7893.356889295,RX,"STATE STOPPING MODE=DRY ARMED=1 GOAL=0,0 POS=3078,4096 VEL=0,0 TORQUE=1,1 AGE_MS=19 T_MS=15892"
7893.367223085,TX,STATUS
7893.37742558,RX,"STATE STOPPING MODE=DRY ARMED=1 GOAL=0,0 POS=3078,4096 VEL=0,0 TORQUE=1,1 AGE_MS=19 T_MS=15912"
7893.377537728,RX,EVENT STOPPED TORQUE_RETAINED
7893.387745352,TX,STATUS
7893.397925439,RX,"STATE ARMED MODE=DRY ARMED=1 GOAL=0,0 POS=3078,4096 VEL=0,0 TORQUE=1,1 AGE_MS=19 T_MS=15932"
7893.418377243,TX,STOP
7893.428550793,RX,ACK STOP ZERO_REQUESTED
7893.42864183,TX,STATUS
7893.438797492,RX,"STATE STOPPING MODE=DRY ARMED=1 GOAL=0,0 POS=3078,4096 VEL=0,0 TORQUE=1,1 AGE_MS=1 T_MS=15974"
7893.449131115,TX,STATUS
7893.45933235,RX,"STATE STOPPING MODE=DRY ARMED=1 GOAL=0,0 POS=3078,4096 VEL=0,0 TORQUE=1,1 AGE_MS=0 T_MS=15993"
7893.469588993,TX,STATUS
7893.479755414,RX,"STATE STOPPING MODE=DRY ARMED=1 GOAL=0,0 POS=3078,4096 VEL=0,0 TORQUE=1,1 AGE_MS=1 T_MS=16014"
7893.490031519,TX,STATUS
7893.500225106,RX,"STATE STOPPING MODE=DRY ARMED=1 GOAL=0,0 POS=3078,4096 VEL=0,0 TORQUE=1,1 AGE_MS=2 T_MS=16035"
7893.510482916,TX,STATUS
7893.52064504,RX,"STATE STOPPING MODE=DRY ARMED=1 GOAL=0,0 POS=3078,4096 VEL=0,0 TORQUE=1,1 AGE_MS=2 T_MS=16056"
7893.530888683,RX,EVENT STOPPED TORQUE_RETAINED
7893.530973404,TX,STATUS
7893.541177973,RX,"STATE ARMED MODE=DRY ARMED=1 GOAL=0,0 POS=3078,4096 VEL=0,0 TORQUE=1,1 AGE_MS=1 T_MS=16075"
7893.541310787,TX,STOP
7893.551461819,RX,ACK STOP ZERO_REQUESTED
7893.551547226,TX,STATUS
7893.561697276,RX,"STATE STOPPING MODE=DRY ARMED=1 GOAL=0,0 POS=3078,4096 VEL=0,0 TORQUE=1,1 AGE_MS=2 T_MS=16096"
7893.57195066,TX,STATUS
7893.58218708,RX,"STATE STOPPING MODE=DRY ARMED=1 GOAL=0,0 POS=3078,4096 VEL=0,0 TORQUE=1,1 AGE_MS=3 T_MS=16117"
7893.592444945,TX,STATUS
7893.602609903,RX,"STATE STOPPING MODE=DRY ARMED=1 GOAL=0,0 POS=3078,4096 VEL=0,0 TORQUE=1,1 AGE_MS=4 T_MS=16138"
7893.612919063,TX,STATUS
7893.623114836,RX,"STATE STOPPING MODE=DRY ARMED=1 GOAL=0,0 POS=3078,4096 VEL=0,0 TORQUE=1,1 AGE_MS=4 T_MS=16158"
7893.633375756,TX,STATUS
7893.643541788,RX,"STATE STOPPING MODE=DRY ARMED=1 GOAL=0,0 POS=3078,4096 VEL=0,0 TORQUE=1,1 AGE_MS=4 T_MS=16178"
7893.653762357,RX,EVENT STOPPED TORQUE_RETAINED
7893.653846412,TX,STATUS
7893.664051369,RX,"STATE ARMED MODE=DRY ARMED=1 GOAL=0,0 POS=3078,4096 VEL=0,0 TORQUE=1,1 AGE_MS=5 T_MS=16199"
7893.664184905,TX,STOP
7893.674338734,RX,ACK STOP ZERO_REQUESTED
7893.674431918,TX,STATUS
7893.684601247,RX,"STATE STOPPING MODE=DRY ARMED=1 GOAL=0,0 POS=3078,4096 VEL=0,0 TORQUE=1,1 AGE_MS=6 T_MS=16220"
7893.694928277,TX,STATUS
7893.705143179,RX,"STATE STOPPING MODE=DRY ARMED=1 GOAL=0,0 POS=3078,4096 VEL=0,0 TORQUE=1,1 AGE_MS=6 T_MS=16240"
7893.715418266,TX,STATUS
7893.725591854,RX,"STATE STOPPING MODE=DRY ARMED=1 GOAL=0,0 POS=3078,4096 VEL=0,0 TORQUE=1,1 AGE_MS=6 T_MS=16260"
7893.735855644,TX,STATUS
7893.746168416,RX,"STATE STOPPING MODE=DRY ARMED=1 GOAL=0,0 POS=3078,4096 VEL=0,0 TORQUE=1,1 AGE_MS=7 T_MS=16281"
7893.756469799,TX,STATUS
7893.766650405,RX,"STATE STOPPING MODE=DRY ARMED=1 GOAL=0,0 POS=3078,4096 VEL=0,0 TORQUE=1,1 AGE_MS=7 T_MS=16301"
7893.776888436,RX,EVENT STOPPED TORQUE_RETAINED
7893.776974195,TX,STATUS
7893.787191764,RX,"STATE ARMED MODE=DRY ARMED=1 GOAL=0,0 POS=3078,4096 VEL=0,0 TORQUE=1,1 AGE_MS=8 T_MS=16322"
7893.787354207,TX,VEL -0.040000 0.000000
7893.797538572,RX,ACK VEL
7893.828096964,TX,VEL -0.040000 0.000000
7893.838275977,RX,ACK VEL
7893.868934776,TX,VEL -0.040000 0.000000
7893.879205233,RX,ACK VEL
7893.879324343,TX,STATUS
7893.889486968,RX,"STATE ARMED MODE=DRY ARMED=1 GOAL=-2,0 POS=3078,4096 VEL=-2,0 TORQUE=1,1 AGE_MS=10 T_MS=16425"
7893.980972552,TX,STATUS
7893.991213879,RX,"STATE ARMED MODE=DRY ARMED=1 GOAL=-2,0 POS=3078,4096 VEL=-2,0 TORQUE=1,1 AGE_MS=10 T_MS=16526"
7894.021742475,FAULT,ROS_COMMAND_TIMEOUT
7894.021828697,TX,DISARM
7894.102622751,TX,DISARM
